Workbook
Name FUNC_PASS: LAMBDA(IF(AND(#REF!<>"",#REF!<> ""), IF(#REF!="", "P",#REF!), ""))
Name FUNC_PASS: LAMBDA(IF(AND(#REF!<>"",#REF!<> ""), IF(#REF!="", "P",#REF!), ""))
Name FUNC_PASS: LAMBDA(IF(AND(#REF!<>"",#REF!<> ""), IF(#REF!="", "P",#REF!), ""))

Sheet Trang bìa
D1: CÔNG TY CỔ PHẦN GIẢI PHÁP CÔNG NGHỆ
A10: TÀI LIỆU KỊCH BẢN KIỂM THỬ CHỨC NĂNG
C16: Mã dự án | D16: :HRM- Tuyển dụng
C17: Mã tài liệu | D17: KBKTCN
A20: Người lập: | B20: HÒA THỊ THU AN
F21: Ngày lập: 21/7/2026
A26: Người kiểm tra: | C26: ….lead/người review
F27: Ngày kiểm tra:
A32: Người phê duyệt:
F33: Ngày phê duyệt:
A37: BẢNG GHI NHẬN THAY ĐỔI TÀI LIỆU
A39: Ngày thay đổi | B39: Vị trí thay đổi | C39: Lý do | D39: Nguồn gốc | E39: Phiên bản cũ | F39: Mô tả thay đổi | G39: Phiên bản mới
A40: 46224 | B40: Toàn bộ | C40: Thêm mới | F40: Thêm mới bộ test case | G40: v1.0

Sheet Tổng hợp
A2: TỔNG HỢP KẾT QUẢ
A4: STT | B4: Tên màn hình/chức năng | C4: Số trường hợp kiểm thử đạt (P) | D4: Số trường hợp kiểm thử không đạt (F) | E4: Số trường hợp kiểm thử đang xem xét (PE) | F4: Số trường hợp kiểm thử chưa thực hiện | G4: Tổng số trường hợp kiểm thử | H4: Tỉ lệ trường hợp kiểm thử đạt (%P) | I4: Tỉ lệ trường hợp kiểm thử không đạt (%F) | J4: Tỉ lệ trường hợp kiểm thử đã thực hiện (%Cover)
A5: 1 | B5: =API_dang_nhap_extension!D2 -> API đăng nhập extension | C5: =API_dang_nhap_extension!D4 -> 0 | D5: =API_dang_nhap_extension!D5 -> 0 | E5: =API_dang_nhap_extension!D6 -> 0 | F5: =API_dang_nhap_extension!D7 -> 27 | G5: =API_dang_nhap_extension!D8 -> 27 | H5: =C5/G5*100% -> 0 | I5: =D5/G5*100% -> 0 | J5: =(C5+D5)/G5*100% -> 0
A6: 2 | B6: =API_lay_thong_tin_user!D2 -> API lấy thông tin user | C6: =API_dang_nhap_extension!D4 -> 0 | D6: =API_lay_thong_tin_user!D5 -> 0 | E6: =API_lay_thong_tin_user!D6 -> 0 | F6: =API_lay_thong_tin_user!D7 -> 11 | G6: =API_lay_thong_tin_user!D8 -> 11 | H6: =C6/G6*100% -> 0 | I6: =D6/G6*100% -> 0 | J6: =(C6+D6)/G6*100% -> 0
A7: 3 | B7: =API_lam_moi_phien_đn!D2 -> API làm mới phiên đăng nhập | C7: =API_lam_moi_phien_đn!D4 -> 0 | D7: =API_lam_moi_phien_đn!D5 -> 0 | E7: =API_lam_moi_phien_đn!D6 -> 0 | F7: =API_lam_moi_phien_đn!D7 -> 17 | G7: =API_lam_moi_phien_đn!D8 -> 17 | H7: =C7/G7*100% -> 0 | I7: =D7/G7*100% -> 0 | J7: =(C7+D7)/G7*100% -> 0
A8: 4 | B8: =#REF! -> #REF! | C8: =#REF! -> #REF! | D8: =#REF! -> #REF! | E8: =#REF! -> #REF! | F8: =#REF! -> #REF! | G8: =#REF! -> #REF! | H8: =C8/G8*100% -> #REF! | I8: =D8/G8*100% -> #REF! | J8: =(C8+D8)/G8*100% -> #REF!
A9: Total | C9: =SUM(C5:C8) -> #REF! | D9: =SUM(D5:D8) -> #REF! | E9: =SUM(E5:E8) -> #REF! | F9: =SUM(F5:F8) -> #REF! | G9: =SUM(G5:G8) -> #REF! | H9: =C9/G9*100% -> #REF! | I9: =D9/G9*100% -> #REF! | J9: =(C9+D9)/G9*100% -> #REF!

Sheet API_dang_nhap_extension
C1: KỊCH BẢN KIỂM THỬ *
C2: Tên màn hình/Tên chức năng | D2: API đăng nhập extension
C3: Mã testcase | D3: AU1
C4: Số testcase đạt (P) | D4: =COUNTIF($N$13:$N$186,"P") -> 0
C5: Số testcase không đạt (F) | D5: =COUNTIF($N$13:$N$186,"F") -> 0
C6: Số testcase đang xem xét (PE) | D6: =COUNTIF($N$13:$N$186,"PE") -> 0
C7: Số testcase chưa test | D7: =D8-D4-D5-D6 -> 27
C8: Tổng số testcase | D8: =COUNTA($G$13:$G$186) -> 27
A10: ID | B10: Mục đích kiểm thử | C10: Trường hợp kiểm thử | D10: Data test | E10: cURL | F10: Các bước thực hiện | G10: Kết quả mong muốn | H10: Thứ tự ưu tiên | I10: Mức độ nghiêm trọng | J10: Hình ảnh | K10: Manual test | N10: Kết quả test (M) | O10: Mã lỗi | P10: Ghi chú
K11: Postman
K12: Lần 1 | L12: Lần 2 | M12: Lần 3
B13: Chức năng: Đăng nhập extension Method: POST MT alpha: Url: http://192.168.1.131:3002/api/auth/login body { "email": "hr@example.com", "password": "Test@123456" }
A14: =IF(AND(G14="",G14=""),"",$D$3&"_"&ROW()-13-COUNTBLANK($G$14:G14)) | B14: Giao diện (Phần này viết các trường hợp kiểm thử cho giao diên chung và các giao diện cho các control)
A15: =IF(AND(G15="",G15=""),"",$D$3&"_"&ROW()-13-COUNTBLANK($G$14:G15)) | B15: Kiểm tra truyền vào URL
A16: =IF(AND(G16="",G16=""),"",$D$3&"_"&ROW()-13-COUNTBLANK($G$14:G16)) -> AU1_1 | B16: Kiểm tra path | C16: Sai đường dẫn | D16: http://192.168.1.131:3002/api/auth/login12 | F16: 1. Truyền sai path 2. Các trường required, method có dữ liệu hợp lệ | G16: 1. Kết quả trả về: status 404 | H16: MEDIUM | I16: MAJOR | N16: =IF(OR(IF(M16="",IF(L16="",IF(K16="","",K16), L16),M16)="F")=TRUE,"F", IF(OR( IF(M16="",IF(L16="",IF(K16="","",K16), L16),M16)="PE")=TRUE,"PE", IF(AND(IF(M16="",IF(L16="",IF(K16="","",K16), L16),M16)="")=TRUE,"","P")))
A17: =IF(AND(G17="",G17=""),"",$D$3&"_"&ROW()-13-COUNTBLANK($G$14:G17)) -> AU1_2 | C17: Không nhập đường dẫn | D17: Enter URL or text = null | F17: 1. Không truyền path 2. Các trường required, method có dữ liệu hợp lệ | G17: 1. Kết quả trả về: status 404 | H17: MEDIUM | I17: MAJOR | N17: =IF(OR(IF(M17="",IF(L17="",IF(K17="","",K17), L17),M17)="F")=TRUE,"F", IF(OR( IF(M17="",IF(L17="",IF(K17="","",K17), L17),M17)="PE")=TRUE,"PE", IF(AND(IF(M17="",IF(L17="",IF(K17="","",K17), L17),M17)="")=TRUE,"","P")))
A18: =IF(AND(G18="",G18=""),"",$D$3&"_"&ROW()-13-COUNTBLANK($G$14:G18)) -> AU1_3 | C18: Đường dẫn đúng | D18: { "email": "hr@example.com", "password": "Test@123456" } | F18: 1. Truyền path đúng 2. Các trường required, method có dữ liệu hợp lệ | G18: 1. Kết quả trả về: { "accessToken": "jwt...", "refreshToken": "refresh...", "user": { "id": "user-id", "email": "hr.test@example.com", "role": "HR", } } | H18: HIGH | I18: MAJOR | N18: =IF(OR(IF(M18="",IF(L18="",IF(K18="","",K18), L18),M18)="F")=TRUE,"F", IF(OR( IF(M18="",IF(L18="",IF(K18="","",K18), L18),M18)="PE")=TRUE,"PE", IF(AND(IF(M18="",IF(L18="",IF(K18="","",K18), L18),M18)="")=TRUE,"","P")))
A19: =IF(AND(G19="",G19=""),"",$D$3&"_"&ROW()-13-COUNTBLANK($G$14:G19)) -> AU1_4 | B19: Kiểm tra method | C19: Kiểm tra truyền đúng method | D19: Method: POST { "email": "hr@example.com", "password": "Test@123456" } | F19: 1. Truyền path đúng 2. Truyền method đúng 3. Các trường required có dữ liệu hợp lệ | G19: 1. Kết quả trả về: { "accessToken": "jwt...", "refreshToken": "refresh...", "user": { "id": "user-id", "email": "hr.test@example.com", "role": "HR", } } | H19: HIGH | I19: MAJOR
A20: =IF(AND(G20="",G20=""),"",$D$3&"_"&ROW()-13-COUNTBLANK($G$14:G20)) -> AU1_5 | C20: Kiểm tra truyền sai method | D20: Method: GET { "email": "hr@example.com", "password": "Test@123456" } | F20: 1. Truyền path đúng 2. Truyền method sai 3. Các trường required có dữ liệu hợp lệ | G20: 1. Kết quả trả về: status 404 | H20: MEDIUM | I20: MAJOR
A21: =IF(AND(G21="",G21=""),"",$D$3&"_"&ROW()-13-COUNTBLANK($G$14:G21)) | B21: Kiểm tra validate các trường thông tin
A22: =IF(AND(G22="",G22=""),"",$D$3&"_"&ROW()-13-COUNTBLANK($G$14:G22)) | B22: Kiểm tra trường email
A23: =IF(AND(G23="",G23=""),"",$D$3&"_"&ROW()-13-COUNTBLANK($G$14:G23)) -> AU1_6 | B23: Kiểm tra trường email | C23: Kiểm tra không truyền email | D23: { "password": "Test@123456" } | F23: 1. Ko truyền email 2. Các trường required có dữ liệu hợp lệ 3. Nhấn send | G23: Hiển thị lỗi 401 Unauthorized - Authentication is required | H23: MEDIUM | I23: MAJOR | N23: =IF(OR(IF(M23="",IF(L23="",IF(K23="","",K23), L23),M23)="F")=TRUE,"F", IF(OR( IF(M23="",IF(L23="",IF(K23="","",K23), L23),M23)="PE")=TRUE,"PE", IF(AND(IF(M23="",IF(L23="",IF(K23="","",K23), L23),M23)="")=TRUE,"","P")))
A24: =IF(AND(G24="",G24=""),"",$D$3&"_"&ROW()-13-COUNTBLANK($G$14:G24)) -> AU1_7 | C24: Kiểm tra truyền email = null | D24: { "email": null, "password": "Test@123456" } | F24: 1. email = data test 2. Các trường required có dữ liệu hợp lệ 3. Nhấn send | G24: Hiển thị lỗi 401 Unauthorized - Authentication is required | H24: MEDIUM | I24: MAJOR | N24: =IF(OR(IF(M24="",IF(L24="",IF(K24="","",K24), L24),M24)="F")=TRUE,"F", IF(OR( IF(M24="",IF(L24="",IF(K24="","",K24), L24),M24)="PE")=TRUE,"PE", IF(AND(IF(M24="",IF(L24="",IF(K24="","",K24), L24),M24)="")=TRUE,"","P")))
A25: =IF(AND(G25="",G25=""),"",$D$3&"_"&ROW()-13-COUNTBLANK($G$14:G25)) -> AU1_8 | C25: Kiểm tra truyền email = rỗng | D25: { "email": "", "password": "Test@123456" } | F25: 1. email = data test 2. Các trường required có dữ liệu hợp lệ 3. Nhấn send | G25: Hiển thị lỗi 401 Unauthorized - Authentication is required | H25: MEDIUM | I25: MAJOR | N25: =IF(OR(IF(M25="",IF(L25="",IF(K25="","",K25), L25),M25)="F")=TRUE,"F", IF(OR( IF(M25="",IF(L25="",IF(K25="","",K25), L25),M25)="PE")=TRUE,"PE", IF(AND(IF(M25="",IF(L25="",IF(K25="","",K25), L25),M25)="")=TRUE,"","P")))
A26: =IF(AND(G26="",G26=""),"",$D$3&"_"&ROW()-13-COUNTBLANK($G$14:G26)) -> AU1_9 | C26: Kiểm tra truyền email = chuỗi space | D26: { "email": " ", "password": "Test@123456" } | F26: 1. email = data test 2. Các trường required có dữ liệu hợp lệ 3. Nhấn send | G26: Hiển thị lỗi 401 Unauthorized - Authentication is required | H26: MEDIUM | I26: MAJOR | N26: =IF(OR(IF(M26="",IF(L26="",IF(K26="","",K26), L26),M26)="F")=TRUE,"F", IF(OR( IF(M26="",IF(L26="",IF(K26="","",K26), L26),M26)="PE")=TRUE,"PE", IF(AND(IF(M26="",IF(L26="",IF(K26="","",K26), L26),M26)="")=TRUE,"","P")))
A27: =IF(AND(G27="",G27=""),"",$D$3&"_"&ROW()-13-COUNTBLANK($G$14:G27)) -> AU1_10 | C27: Kiểm tra truyền email tồn tại trong DB | D27: { "email": "hr@example.com", "password": "Test@123456" } | F27: 1. email = data test 2. Các trường required có dữ liệu hợp lệ 3. Nhấn send | G27: 1. Kết quả trả về: { "accessToken": "jwt...", "refreshToken": "refresh...", "user": { "id": "user-id", "email": "hr.test@example.com", "role": "HR", } } | H27: MEDIUM | I27: MAJOR | N27: =IF(OR(IF(M27="",IF(L27="",IF(K27="","",K27), L27),M27)="F")=TRUE,"F", IF(OR( IF(M27="",IF(L27="",IF(K27="","",K27), L27),M27)="PE")=TRUE,"PE", IF(AND(IF(M27="",IF(L27="",IF(K27="","",K27), L27),M27)="")=TRUE,"","P")))
A28: =IF(AND(G28="",G28=""),"",$D$3&"_"&ROW()-13-COUNTBLANK($G$14:G28)) -> AU1_11 | C28: Kiểm tra truyền email có khoảng trắng đầu cuối | D28: { "email": " hr@example.com ", "password": "Test@123456" } | F28: 1. email = data test 2. Các trường required có dữ liệu hợp lệ 3. Nhấn send | G28: 1. Trim space 2. Kết quả trả về: { "accessToken": "jwt...", "refreshToken": "refresh...", "user": { "id": "user-id", "email": "hr.test@example.com", "role": "HR", } } | H28: MEDIUM | I28: MAJOR | N28: =IF(OR(IF(M28="",IF(L28="",IF(K28="","",K28), L28),M28)="F")=TRUE,"F", IF(OR( IF(M28="",IF(L28="",IF(K28="","",K28), L28),M28)="PE")=TRUE,"PE", IF(AND(IF(M28="",IF(L28="",IF(K28="","",K28), L28),M28)="")=TRUE,"","P")))
A29: =IF(AND(G29="",G29=""),"",$D$3&"_"&ROW()-13-COUNTBLANK($G$14:G29)) -> AU1_12 | C29: Kiểm tra truyền email không tồn tại trong DB | D29: { "email": "test@example.com", "password": "Test@123456" } | F29: 1. email = data test 2. Các trường required có dữ liệu hợp lệ 3. Nhấn send | G29: Hiển thị lỗi 400 Bad Request - Request payload is invalid | H29: MEDIUM | I29: MAJOR | N29: =IF(OR(IF(M29="",IF(L29="",IF(K29="","",K29), L29),M29)="F")=TRUE,"F", IF(OR( IF(M29="",IF(L29="",IF(K29="","",K29), L29),M29)="PE")=TRUE,"PE", IF(AND(IF(M29="",IF(L29="",IF(K29="","",K29), L29),M29)="")=TRUE,"","P")))
A30: =IF(AND(G30="",G30=""),"",$D$3&"_"&ROW()-13-COUNTBLANK($G$14:G30)) -> AU1_13 | C30: Kiểm tra truyền email khác kiểu dữ liệu String | D30: { "email": 123, "password": "Test@123456" } | F30: 1. email = data test 2. Các trường required có dữ liệu hợp lệ 3. Nhấn send | G30: Hiển thị lỗi 400 Bad Request - Request payload is invalid | H30: MEDIUM | I30: MAJOR | N30: =IF(OR(IF(M30="",IF(L30="",IF(K30="","",K30), L30),M30)="F")=TRUE,"F", IF(OR( IF(M30="",IF(L30="",IF(K30="","",K30), L30),M30)="PE")=TRUE,"PE", IF(AND(IF(M30="",IF(L30="",IF(K30="","",K30), L30),M30)="")=TRUE,"","P")))
A31: =IF(AND(G31="",G31=""),"",$D$3&"_"&ROW()-13-COUNTBLANK($G$14:G31)) | B31: Kiểm tra trường password
A32: =IF(AND(G32="",G32=""),"",$D$3&"_"&ROW()-13-COUNTBLANK($G$14:G32)) -> AU1_14 | B32: Kiểm tra trường password | C32: Kiểm tra không truyền password | D32: { "email": "hr@example.com" } | F32: 1. password = data test 2. Các trường required có dữ liệu hợp lệ 3. Nhấn send | G32: Hiển thị lỗi 401 Unauthorized - Authentication is required | H32: MEDIUM | I32: MAJOR | N32: =IF(OR(IF(M32="",IF(L32="",IF(K32="","",K32), L32),M32)="F")=TRUE,"F", IF(OR( IF(M32="",IF(L32="",IF(K32="","",K32), L32),M32)="PE")=TRUE,"PE", IF(AND(IF(M32="",IF(L32="",IF(K32="","",K32), L32),M32)="")=TRUE,"","P")))
A33: =IF(AND(G33="",G33=""),"",$D$3&"_"&ROW()-13-COUNTBLANK($G$14:G33)) -> AU1_15 | C33: Kiểm tra truyền password = null | D33: { "email": "hr@example.com", "password": null } | F33: 1. password = data test 2. Các trường required có dữ liệu hợp lệ 3. Nhấn send | G33: Hiển thị lỗi 401 Unauthorized - Authentication is required | H33: MEDIUM | I33: MAJOR | N33: =IF(OR(IF(M33="",IF(L33="",IF(K33="","",K33), L33),M33)="F")=TRUE,"F", IF(OR( IF(M33="",IF(L33="",IF(K33="","",K33), L33),M33)="PE")=TRUE,"PE", IF(AND(IF(M33="",IF(L33="",IF(K33="","",K33), L33),M33)="")=TRUE,"","P")))
A34: =IF(AND(G34="",G34=""),"",$D$3&"_"&ROW()-13-COUNTBLANK($G$14:G34)) -> AU1_16 | C34: Kiểm tra truyền password = rỗng | D34: { "email": "hr@example.com", "password": "" } | F34: 1. password = data test 2. Các trường required có dữ liệu hợp lệ 3. Nhấn send | G34: Hiển thị lỗi 401 Unauthorized - Authentication is required | H34: MEDIUM | I34: MAJOR | N34: =IF(OR(IF(M34="",IF(L34="",IF(K34="","",K34), L34),M34)="F")=TRUE,"F", IF(OR( IF(M34="",IF(L34="",IF(K34="","",K34), L34),M34)="PE")=TRUE,"PE", IF(AND(IF(M34="",IF(L34="",IF(K34="","",K34), L34),M34)="")=TRUE,"","P")))
A35: =IF(AND(G35="",G35=""),"",$D$3&"_"&ROW()-13-COUNTBLANK($G$14:G35)) -> AU1_17 | C35: Kiểm tra truyền password = chuỗi space | D35: { "email": "hr@example.com", "password": " " } | F35: 1. password = data test 2. Các trường required có dữ liệu hợp lệ 3. Nhấn send | G35: Hiển thị lỗi 400 Bad Request - Request payload is invalid | H35: MEDIUM | I35: MAJOR | N35: =IF(OR(IF(M35="",IF(L35="",IF(K35="","",K35), L35),M35)="F")=TRUE,"F", IF(OR( IF(M35="",IF(L35="",IF(K35="","",K35), L35),M35)="PE")=TRUE,"PE", IF(AND(IF(M35="",IF(L35="",IF(K35="","",K35), L35),M35)="")=TRUE,"","P")))
A36: =IF(AND(G36="",G36=""),"",$D$3&"_"&ROW()-13-COUNTBLANK($G$14:G36)) -> AU1_18 | C36: Kiểm tra truyền password tồn tại trong DB | D36: { "email": "hr@example.com", "password": "Test@123456" } | F36: 1. password = data test 2. Các trường required có dữ liệu hợp lệ 3. Nhấn send | G36: 1. Kết quả trả về: { "accessToken": "jwt...", "refreshToken": "refresh...", "user": { "id": "user-id", "email": "hr.test@example.com", "role": "HR", } } | H36: MEDIUM | I36: MAJOR | N36: =IF(OR(IF(M36="",IF(L36="",IF(K36="","",K36), L36),M36)="F")=TRUE,"F", IF(OR( IF(M36="",IF(L36="",IF(K36="","",K36), L36),M36)="PE")=TRUE,"PE", IF(AND(IF(M36="",IF(L36="",IF(K36="","",K36), L36),M36)="")=TRUE,"","P")))
A37: =IF(AND(G37="",G37=""),"",$D$3&"_"&ROW()-13-COUNTBLANK($G$14:G37)) -> AU1_19 | C37: Kiểm tra truyền password có khoảng trắng đầu cuối | D37: { "email": "hr@example.com", "password": " Test@123456 " } | F37: 1. password = data test 2. Các trường required có dữ liệu hợp lệ 3. Nhấn send | G37: Hiển thị lỗi 400 Bad Request - Request payload is invalid | H37: MEDIUM | I37: MAJOR | N37: =IF(OR(IF(M37="",IF(L37="",IF(K37="","",K37), L37),M37)="F")=TRUE,"F", IF(OR( IF(M37="",IF(L37="",IF(K37="","",K37), L37),M37)="PE")=TRUE,"PE", IF(AND(IF(M37="",IF(L37="",IF(K37="","",K37), L37),M37)="")=TRUE,"","P")))
A38: =IF(AND(G38="",G38=""),"",$D$3&"_"&ROW()-13-COUNTBLANK($G$14:G38)) -> AU1_20 | C38: Kiểm tra truyền password không tồn tại trong DB | D38: { "email": "hr@example.com", "password": "123456" } | F38: 1. password = data test 2. Các trường required có dữ liệu hợp lệ 3. Nhấn send | G38: Hiển thị lỗi 400 Bad Request - Request payload is invalid | H38: MEDIUM | I38: MAJOR | N38: =IF(OR(IF(M38="",IF(L38="",IF(K38="","",K38), L38),M38)="F")=TRUE,"F", IF(OR( IF(M38="",IF(L38="",IF(K38="","",K38), L38),M38)="PE")=TRUE,"PE", IF(AND(IF(M38="",IF(L38="",IF(K38="","",K38), L38),M38)="")=TRUE,"","P")))
A39: =IF(AND(G39="",G39=""),"",$D$3&"_"&ROW()-13-COUNTBLANK($G$14:G39)) -> AU1_21 | C39: Kiểm tra truyền password khác kiểu dữ liệu String | D39: { "email": "hr@example.com", "password": 123 } | F39: 1. password = data test 2. Các trường required có dữ liệu hợp lệ 3. Nhấn send | G39: Hiển thị lỗi 400 Bad Request - Request payload is invalid | H39: MEDIUM | I39: MAJOR | N39: =IF(OR(IF(M39="",IF(L39="",IF(K39="","",K39), L39),M39)="F")=TRUE,"F", IF(OR( IF(M39="",IF(L39="",IF(K39="","",K39), L39),M39)="PE")=TRUE,"PE", IF(AND(IF(M39="",IF(L39="",IF(K39="","",K39), L39),M39)="")=TRUE,"","P")))
A40: =IF(AND(G40="",G40=""),"",$D$3&"_"&ROW()-13-COUNTBLANK($G$14:G40)) | B40: Chức năng
A41: =IF(AND(G41="",G41=""),"",$D$3&"_"&ROW()-13-COUNTBLANK($G$14:G41)) -> AU1_22 | B41: Kiểm tra khi API thực thi thành công | C41: Kiểm tra truyền email và password đã tồn tại trong DB | D41: { "email": "hr@example.com", "password": "Test@123456" } | F41: 1. Nhập các trường = data test 2. Send request | G41: 1. Kết quả trả về: { "accessToken": "jwt...", "refreshToken": "refresh...", "user": { "id": "user-id", "email": "hr.test@example.com", "role": "HR", } } | H41: HIGH | I41: MAJOR | N41: =IF(OR(IF(M41="",IF(L41="",IF(K41="","",K41), L41),M41)="F")=TRUE,"F", IF(OR( IF(M41="",IF(L41="",IF(K41="","",K41), L41),M41)="PE")=TRUE,"PE", IF(AND(IF(M41="",IF(L41="",IF(K41="","",K41), L41),M41)="")=TRUE,"","P")))
A42: =IF(AND(G42="",G42=""),"",$D$3&"_"&ROW()-13-COUNTBLANK($G$14:G42)) -> AU1_23 | B42: Kiểm tra khi API thực thi không thành công | C42: Kiểm tra truyền email, password không tồn tại trong DB | D42: { "email": "test@example.com", "password": "123456" } | F42: 1. Nhập các trường = data test 2. Send request | G42: Hiển thị lỗi 400 Bad Request - Request payload is invalid | H42: HIGH | I42: MAJOR | N42: =IF(OR(IF(M42="",IF(L42="",IF(K42="","",K42), L42),M42)="F")=TRUE,"F", IF(OR( IF(M42="",IF(L42="",IF(K42="","",K42), L42),M42)="PE")=TRUE,"PE", IF(AND(IF(M42="",IF(L42="",IF(K42="","",K42), L42),M42)="")=TRUE,"","P")))
A43: =IF(AND(G43="",G43=""),"",$D$3&"_"&ROW()-13-COUNTBLANK($G$14:G43)) -> AU1_24 | C43: Kiểm tra truyền email và password cùng tồn tại nhưng không thuộc cùng một user | D43: { "email": "hr@example.com", "password": "user@123456" } | F43: 1. Nhập các trường = data test 2. Send request | G43: Hiển thị lỗi 400 Bad Request - Request payload is invalid | H43: HIGH | I43: MAJOR | N43: =IF(OR(IF(M43="",IF(L43="",IF(K43="","",K43), L43),M43)="F")=TRUE,"F", IF(OR( IF(M43="",IF(L43="",IF(K43="","",K43), L43),M43)="PE")=TRUE,"PE", IF(AND(IF(M43="",IF(L43="",IF(K43="","",K43), L43),M43)="")=TRUE,"","P")))
A44: =IF(AND(G44="",G44=""),"",$D$3&"_"&ROW()-13-COUNTBLANK($G$14:G46)) -> AU1_25 | C44: Kiểm tra khi API thực thi khi server lỗi | D44: { "email": "hr@example.com", "password": " Test@123456 " } | F44: 1. Nhập các trường = data test 2. Send request | G44: Hiển thị lỗi 500 Internal Server Error - Request could not be completed. Please retry later | H44: MEDIUM | I44: MAJOR | N44: =IF(OR(IF(M44="",IF(L44="",IF(K44="","",K44), L44),M44)="F")=TRUE,"F", IF(OR( IF(M44="",IF(L44="",IF(K44="","",K44), L44),M44)="PE")=TRUE,"PE", IF(AND(IF(M44="",IF(L44="",IF(K44="","",K44), L44),M44)="")=TRUE,"","P")))
A45: =IF(AND(G45="",G45=""),"",$D$3&"_"&ROW()-13-COUNTBLANK($G$14:G45)) -> AU1_26 | B45: Kiểm tra send request nhiều lần/phút | C45: Kiểm tra send request nhỏ hơn hoặc bằng 5 lần/phút | D45: 1. { "email": "test@example.com", "password": "123456" } 2. { "email": "hr@example.com", "password": " Test@123456 " } | F45: 1. Nhập các trường = data test 1 2. Send request 4 lần 3. Nhập các trường = data test 2 4. Send request | G45: 1. Hiển thị lỗi 400 Bad Request - Request payload is invalid 2. Kết quả trả về: { "accessToken": "jwt...", "refreshToken": "refresh...", "user": { "id": "user-id", "email": "hr.test@example.com", "role": "HR", } } | H45: HIGH | I45: MAJOR | N45: =IF(OR(IF(M45="",IF(L45="",IF(K45="","",K45), L45),M45)="F")=TRUE,"F", IF(OR( IF(M45="",IF(L45="",IF(K45="","",K45), L45),M45)="PE")=TRUE,"PE", IF(AND(IF(M45="",IF(L45="",IF(K45="","",K45), L45),M45)="")=TRUE,"","P")))
A46: =IF(AND(G46="",G46=""),"",$D$3&"_"&ROW()-13-COUNTBLANK($G$14:G46)) -> AU1_27 | C46: Kiểm tra send request nhiều hơn 5 lần/phút | D46: { "email": "hr@example.com", "password": " Test@123456 " } | F46: 1. Nhập các trường = data test 2. Send request 6 lần | G46: Hiển thị lỗi 429 Too many Request - Too many requests. Please retry later | H46: HIGH | I46: MAJOR | N46: =IF(OR(IF(M46="",IF(L46="",IF(K46="","",K46), L46),M46)="F")=TRUE,"F", IF(OR( IF(M46="",IF(L46="",IF(K46="","",K46), L46),M46)="PE")=TRUE,"PE", IF(AND(IF(M46="",IF(L46="",IF(K46="","",K46), L46),M46)="")=TRUE,"","P")))
A47: =IF(AND(G47="",G47=""),"",$D$3&"_"&ROW()-13-COUNTBLANK($G$14:G47)) | B47: Chức năng ảnh hưởng
A48: =IF(AND(G48="",G48=""),"",$D$3&"_"&ROW()-13-COUNTBLANK($G$14:G48)) | B48: N/A | N48: =IF(OR(IF(M48="",IF(L48="",IF(K48="","",K48), L48),M48)="F")=TRUE,"F", IF(OR( IF(M48="",IF(L48="",IF(K48="","",K48), L48),M48)="PE")=TRUE,"PE", IF(AND(IF(M48="",IF(L48="",IF(K48="","",K48), L48),M48)="")=TRUE,"","P")))
A49: =IF(AND(G49="",G49=""),"",$D$3&"_"&ROW()-13-COUNTBLANK($G$14:G49)) | B49: An toàn thông tin (Các trường hợp kiểm thử đảm bảo an toàn thông tin theo hướng dẫn kiểm thử an toàn thông tin)
A50: =IF(AND(G50="",G50=""),"",$D$3&"_"&ROW()-13-COUNTBLANK($G$14:G50)) | B50: N/A | N50: =IF(OR(IF(M50="",IF(L50="",IF(K50="","",K50), L50),M50)="F")=TRUE,"F", IF(OR( IF(M50="",IF(L50="",IF(K50="","",K50), L50),M50)="PE")=TRUE,"PE", IF(AND(IF(M50="",IF(L50="",IF(K50="","",K50), L50),M50)="")=TRUE,"","P")))

Sheet API_lay_thong_tin_user
C1: KỊCH BẢN KIỂM THỬ *
C2: Tên màn hình/Tên chức năng | D2: API lấy thông tin user
C3: Mã testcase | D3: AU2
C4: Số testcase đạt (P) | D4: =COUNTIF($N$13:$N$169,"P") -> 0
C5: Số testcase không đạt (F) | D5: =COUNTIF($N$13:$N$169,"F") -> 0
C6: Số testcase đang xem xét (PE) | D6: =COUNTIF($N$13:$N$169,"PE") -> 0
C7: Số testcase chưa test | D7: =D8-D4-D5-D6 -> 11
C8: Tổng số testcase | D8: =COUNTA($G$13:$G$169) -> 11
A10: ID | B10: Mục đích kiểm thử | C10: Trường hợp kiểm thử | D10: Data test | E10: cURL | F10: Các bước thực hiện | G10: Kết quả mong muốn | H10: Thứ tự ưu tiên | I10: Mức độ nghiêm trọng | J10: Hình ảnh | K10: Manual test | N10: Kết quả test (M) | O10: Mã lỗi | P10: Ghi chú
K11: Postman
K12: Lần 1 | L12: Lần 2 | M12: Lần 3
B13: Chức năng: Lấy thông tin user hiện tại Method: GET MT alpha: Url: http://192.168.1.131:3002/api/auth/me Authorization: hợp lệ
A14: =IF(AND(G14="",G14=""),"",$D$3&"_"&ROW()-13-COUNTBLANK($G$14:G14)) | B14: Giao diện (Phần này viết các trường hợp kiểm thử cho giao diên chung và các giao diện cho các control)
A15: =IF(AND(G15="",G15=""),"",$D$3&"_"&ROW()-13-COUNTBLANK($G$14:G15)) | B15: Kiểm tra truyền vào URL
A16: =IF(AND(G16="",G16=""),"",$D$3&"_"&ROW()-13-COUNTBLANK($G$14:G16)) -> AU2_1 | B16: Kiểm tra path | C16: Sai đường dẫn | D16: http://192.168.1.131:3002/api/auth/me12 | F16: 1. Truyền sai path 2. Các trường required, method có dữ liệu hợp lệ | G16: 1. Kết quả trả về: status 404 | H16: MEDIUM | I16: MAJOR | N16: =IF(OR(IF(M16="",IF(L16="",IF(K16="","",K16), L16),M16)="F")=TRUE,"F", IF(OR( IF(M16="",IF(L16="",IF(K16="","",K16), L16),M16)="PE")=TRUE,"PE", IF(AND(IF(M16="",IF(L16="",IF(K16="","",K16), L16),M16)="")=TRUE,"","P")))
A17: =IF(AND(G17="",G17=""),"",$D$3&"_"&ROW()-13-COUNTBLANK($G$14:G17)) -> AU2_2 | C17: Không nhập đường dẫn | D17: Enter URL or text = null | F17: 1. Không truyền path 2. Các trường required, method có dữ liệu hợp lệ | G17: 1. Kết quả trả về: status 404 | H17: MEDIUM | I17: MAJOR | N17: =IF(OR(IF(M17="",IF(L17="",IF(K17="","",K17), L17),M17)="F")=TRUE,"F", IF(OR( IF(M17="",IF(L17="",IF(K17="","",K17), L17),M17)="PE")=TRUE,"PE", IF(AND(IF(M17="",IF(L17="",IF(K17="","",K17), L17),M17)="")=TRUE,"","P")))
A18: =IF(AND(G18="",G18=""),"",$D$3&"_"&ROW()-13-COUNTBLANK($G$14:G18)) -> AU2_3 | C18: Đường dẫn đúng (pre: 1.Có tài khoản : email = hr@example.com, password = Test@123456 2. Login với acc trên để ấy accessToken từ api | D18: accessToken: eyJhbGciOiJIUzI1NiIsInR5cCI6IkpXVCJ9.eyJzdWIiOiJjMDFmMTJmMC1iODVkLTRlMjItODQyYS0wMzllOTY3NDJhNWMiLCJlbWFpbCI6ImhyLnRlc3RAZXhhbXBsZS5jb20iLCJyb2xlIjoiSFIiLCJpYXQiOjE3ODQxOTU4ODEsImV4cCI6MTc4NDE5Njc4MX0.-ODJkpCGjpHF3sN1VKlRGFKD5rvvM2cWNMZhkcl-6IU | F18: 1. Truyền path đúng 2. Các trường required, method có dữ liệu hợp lệ | G18: 1. Kết quả trả về: { "id": "id", "email": "hr@example.com", "name": "HR Test", "role": "HR" } | H18: HIGH | I18: MAJOR | N18: =IF(OR(IF(M18="",IF(L18="",IF(K18="","",K18), L18),M18)="F")=TRUE,"F", IF(OR( IF(M18="",IF(L18="",IF(K18="","",K18), L18),M18)="PE")=TRUE,"PE", IF(AND(IF(M18="",IF(L18="",IF(K18="","",K18), L18),M18)="")=TRUE,"","P")))
A19: =IF(AND(G19="",G19=""),"",$D$3&"_"&ROW()-13-COUNTBLANK($G$14:G19)) -> AU2_4 | B19: Kiểm tra method | C19: Kiểm tra truyền đúng method | D19: Method: GET accessToken: eyJhbGciOiJIUzI1NiIsInR5cCI6IkpXVCJ9.eyJzdWIiOiJjMDFmMTJmMC1iODVkLTRlMjItODQyYS0wMzllOTY3NDJhNWMiLCJlbWFpbCI6ImhyLnRlc3RAZXhhbXBsZS5jb20iLCJyb2xlIjoiSFIiLCJpYXQiOjE3ODQxOTU4ODEsImV4cCI6MTc4NDE5Njc4MX0.-ODJkpCGjpHF3sN1VKlRGFKD5rvvM2cWNMZhkcl-6IU | F19: 1. Truyền path đúng 2. Truyền method đúng 3. Các trường required có dữ liệu hợp lệ | G19: 1. Kết quả trả về: { "id": "id", "email": "hr@example.com", "name": "HR Test", "role": "HR" } | H19: HIGH | I19: MAJOR
A20: =IF(AND(G20="",G20=""),"",$D$3&"_"&ROW()-13-COUNTBLANK($G$14:G20)) -> AU2_5 | C20: Kiểm tra truyền sai method | D20: Method: POST accessToken: eyJhbGciOiJIUzI1NiIsInR5cCI6IkpXVCJ9.eyJzdWIiOiJjMDFmMTJmMC1iODVkLTRlMjItODQyYS0wMzllOTY3NDJhNWMiLCJlbWFpbCI6ImhyLnRlc3RAZXhhbXBsZS5jb20iLCJyb2xlIjoiSFIiLCJpYXQiOjE3ODQxOTU4ODEsImV4cCI6MTc4NDE5Njc4MX0.-ODJkpCGjpHF3sN1VKlRGFKD5rvvM2cWNMZhkcl-6IU | F20: 1. Truyền path đúng 2. Truyền method sai 3. Các trường required có dữ liệu hợp lệ | G20: 1. Kết quả trả về: status 404 | H20: MEDIUM | I20: MAJOR
A21: =IF(AND(G21="",G21=""),"",$D$3&"_"&ROW()-13-COUNTBLANK($G$14:G21)) | B21: Kiểm tra validate các trường thông tin
A22: =IF(AND(G22="",G22=""),"",$D$3&"_"&ROW()-13-COUNTBLANK($G$14:G22)) | B22: Truyền Access Token vào Authorization
A23: =IF(AND(G23="",G23=""),"",$D$3&"_"&ROW()-13-COUNTBLANK($G$14:G23)) -> AU2_6 | B23: Kiểm tra truyền Access Token | C23: Ko truyền Access Token | D23: AccessToken = null | F23: 1. accessToken = datatest 2. Nhấn send | G23: Hiển thị lỗi 401 Unauthorized - Authentication is required | H23: MEDIUM | I23: MAJOR | N23: =IF(OR(IF(M23="",IF(L23="",IF(K23="","",K23), L23),M23)="F")=TRUE,"F", IF(OR( IF(M23="",IF(L23="",IF(K23="","",K23), L23),M23)="PE")=TRUE,"PE", IF(AND(IF(M23="",IF(L23="",IF(K23="","",K23), L23),M23)="")=TRUE,"","P")))
A24: =IF(AND(G24="",G24=""),"",$D$3&"_"&ROW()-13-COUNTBLANK($G$14:G24)) -> AU2_7 | C24: Truyền Access Token (còn expires) | D24: accessToken: eyJhbGciOiJIUzI1NiIsInR5cCI6IkpXVCJ9.eyJzdWIiOiJjMDFmMTJmMC1iODVkLTRlMjItODQyYS0wMzllOTY3NDJhNWMiLCJlbWFpbCI6ImhyLnRlc3RAZXhhbXBsZS5jb20iLCJyb2xlIjoiSFIiLCJpYXQiOjE3ODQxOTU4ODEsImV4cCI6MTc4NDE5Njc4MX0.-ODJkpCGjpHF3sN1VKlRGFKD5rvvM2cWNMZhkcl-6IU | E24: ` | F24: 1. accessToken = datatest 2. Nhấn send | G24: 1. Kết quả trả về: { "id": "id", "email": "hr@example.com", "name": "HR Test", "role": "HR" } | H24: HIGH | I24: MAJOR | N24: =IF(OR(IF(M24="",IF(L24="",IF(K24="","",K24), L24),M24)="F")=TRUE,"F", IF(OR( IF(M24="",IF(L24="",IF(K24="","",K24), L24),M24)="PE")=TRUE,"PE", IF(AND(IF(M24="",IF(L24="",IF(K24="","",K24), L24),M24)="")=TRUE,"","P")))
A25: =IF(AND(G25="",G25=""),"",$D$3&"_"&ROW()-13-COUNTBLANK($G$14:G25)) -> AU2_8 | C25: Truyền Access Token (đã hết expires) | D25: accessToken: eyJhbGciOiJIUzI1NiIsInR5cCI6IkpXVCJ9.eyJzdWIiOiJjMDFmMTJmMC1iODVkLTRlMjItODQyYS0wMzllOTY3NDJhNWMiLCJlbWFpbCI6ImhyLnRlc3RAZXhhbXBsZS5jb20iLCJyb2xlIjoiSFIiLCJpYXQiOjE3ODQxOTU4ODEsImV4cCI6MTc4NDE5Njc4MX0.-ODJkpCGjpHF3sN1VKlRGFKD5rvvM2cWNMZhkcl-6IU | F25: 1. accessToken = datatest 2. Nhấn send | G25: Hiển thị lỗi 401 Unauthorized - Authentication is required | H25: MEDIUM | I25: MAJOR | N25: =IF(OR(IF(M25="",IF(L25="",IF(K25="","",K25), L25),M25)="F")=TRUE,"F", IF(OR( IF(M25="",IF(L25="",IF(K25="","",K25), L25),M25)="PE")=TRUE,"PE", IF(AND(IF(M25="",IF(L25="",IF(K25="","",K25), L25),M25)="")=TRUE,"","P")))
A26: =IF(AND(G26="",G26=""),"",$D$3&"_"&ROW()-13-COUNTBLANK($G$14:G26)) | B26: Chức năng
A27: =IF(AND(G27="",G27=""),"",$D$3&"_"&ROW()-13-COUNTBLANK($G$14:G27)) -> AU2_9 | B27: Kiểm tra lấy thông tin user thành công | C27: Kiểm tra truyền accessToken còn hạn | D27: accessToken: eyJhbGciOiJIUzI1NiIsInR5cCI6IkpXVCJ9.eyJzdWIiOiJjMDFmMTJmMC1iODVkLTRlMjItODQyYS0wMzllOTY3NDJhNWMiLCJlbWFpbCI6ImhyLnRlc3RAZXhhbXBsZS5jb20iLCJyb2xlIjoiSFIiLCJpYXQiOjE3ODQxOTU4ODEsImV4cCI6MTc4NDE5Njc4MX0.-ODJkpCGjpHF3sN1VKlRGFKD5rvvM2cWNMZhkcl-6IU | F27: 1. Nhập các trường = data test 2. Send request | G27: 1. Kết quả trả về: { "id": "id", "email": "hr@example.com", "name": "HR Test", "role": "HR" } | H27: HIGH | I27: MAJOR | N27: =IF(OR(IF(M27="",IF(L27="",IF(K27="","",K27), L27),M27)="F")=TRUE,"F", IF(OR( IF(M27="",IF(L27="",IF(K27="","",K27), L27),M27)="PE")=TRUE,"PE", IF(AND(IF(M27="",IF(L27="",IF(K27="","",K27), L27),M27)="")=TRUE,"","P")))
A28: =IF(AND(G28="",G28=""),"",$D$3&"_"&ROW()-13-COUNTBLANK($G$14:G28)) -> AU2_10 | B28: Kiểm tra lấy thông tin user không thành công | C28: Kiểm tra truyền accessToken hết hạn | D28: accessToken: eyJhbGciOiJIUzI1NiIsInR5cCI6IkpXVCJ9.eyJzdWIiOiJjMDFmMTJmMC1iODVkLTRlMjItODQyYS0wMzllOTY3NDJhNWMiLCJlbWFpbCI6ImhyLnRlc3RAZXhhbXBsZS5jb20iLCJyb2xlIjoiSFIiLCJpYXQiOjE3ODQxOTU4ODEsImV4cCI6MTc4NDE5Njc4MX0.-ODJkpCGjpHF3sN1VKlRGFKD5rvvM2cWNMZhkcl-6IU | F28: 1. Nhập các trường = data test 2. Send request | G28: Hiển thị lỗi 401 Unauthorized - Authentication is required | H28: HIGH | I28: MAJOR | N28: =IF(OR(IF(M28="",IF(L28="",IF(K28="","",K28), L28),M28)="F")=TRUE,"F", IF(OR( IF(M28="",IF(L28="",IF(K28="","",K28), L28),M28)="PE")=TRUE,"PE", IF(AND(IF(M28="",IF(L28="",IF(K28="","",K28), L28),M28)="")=TRUE,"","P")))
A29: =IF(AND(G29="",G29=""),"",$D$3&"_"&ROW()-13-COUNTBLANK($G$14:G29)) -> AU2_11 | B29: Kiểm tra thực thi API khi có lỗi server | C29: Server lỗi | D29: accessToken: eyJhbGciOiJIUzI1NiIsInR5cCI6IkpXVCJ9.eyJzdWIiOiJjMDFmMTJmMC1iODVkLTRlMjItODQyYS0wMzllOTY3NDJhNWMiLCJlbWFpbCI6ImhyLnRlc3RAZXhhbXBsZS5jb20iLCJyb2xlIjoiSFIiLCJpYXQiOjE3ODQxOTU4ODEsImV4cCI6MTc4NDE5Njc4MX0.-ODJkpCGjpHF3sN1VKlRGFKD5rvvM2cWNMZhkcl-6IU | F29: 1. Nhập các trường = data test 2. Send request | G29: Hiển thị lỗi 500 Internal Server Error - Request could not be completed. Please retry later | H29: HIGH | I29: MAJOR
A30: =IF(AND(G30="",G30=""),"",$D$3&"_"&ROW()-13-COUNTBLANK($G$14:G30)) | B30: Chức năng ảnh hưởng
A31: =IF(AND(G31="",G31=""),"",$D$3&"_"&ROW()-13-COUNTBLANK($G$14:G31)) | B31: N/A | N31: =IF(OR(IF(M31="",IF(L31="",IF(K31="","",K31), L31),M31)="F")=TRUE,"F", IF(OR( IF(M31="",IF(L31="",IF(K31="","",K31), L31),M31)="PE")=TRUE,"PE", IF(AND(IF(M31="",IF(L31="",IF(K31="","",K31), L31),M31)="")=TRUE,"","P")))
A32: =IF(AND(G32="",G32=""),"",$D$3&"_"&ROW()-13-COUNTBLANK($G$14:G32)) | B32: An toàn thông tin (Các trường hợp kiểm thử đảm bảo an toàn thông tin theo hướng dẫn kiểm thử an toàn thông tin)
A33: =IF(AND(G33="",G33=""),"",$D$3&"_"&ROW()-13-COUNTBLANK($G$14:G33)) | B33: N/A | N33: =IF(OR(IF(M33="",IF(L33="",IF(K33="","",K33), L33),M33)="F")=TRUE,"F", IF(OR( IF(M33="",IF(L33="",IF(K33="","",K33), L33),M33)="PE")=TRUE,"PE", IF(AND(IF(M33="",IF(L33="",IF(K33="","",K33), L33),M33)="")=TRUE,"","P")))

Sheet API_lam_moi_phien_đn
C1: KỊCH BẢN KIỂM THỬ *
C2: Tên màn hình/Tên chức năng | D2: API làm mới phiên đăng nhập
C3: Mã testcase | D3: AU3
C4: Số testcase đạt (P) | D4: =COUNTIF($N$13:$N$175,"P") -> 0
C5: Số testcase không đạt (F) | D5: =COUNTIF($N$13:$N$175,"F") -> 0
C6: Số testcase đang xem xét (PE) | D6: =COUNTIF($N$13:$N$175,"PE") -> 0
C7: Số testcase chưa test | D7: =D8-D4-D5-D6 -> 17
C8: Tổng số testcase | D8: =COUNTA($G$13:$G$175) -> 17
A10: ID | B10: Mục đích kiểm thử | C10: Trường hợp kiểm thử | D10: Data test | E10: cURL | F10: Các bước thực hiện | G10: Kết quả mong muốn | H10: Thứ tự ưu tiên | I10: Mức độ nghiêm trọng | J10: Hình ảnh | K10: Manual test | N10: Kết quả test (M) | O10: Mã lỗi | P10: Ghi chú
K11: Postman
K12: Lần 1 | L12: Lần 2 | M12: Lần 3
B13: Chức năng: Làm mới phiên đăng nhập Method: POST MT alpha: Url: http://192.168.1.131:3002/api/auth/refresh body { "refreshToken": "rt_GTNHaj8Q3fvqfUYRfvNQzFCNYHTQn_8xvmfdIEPd2OQpcEufMxouZsiaB53ZI2XrnTq8d9rfULxdtyL7Ze5JnQ" }
A14: =IF(AND(G14="",G14=""),"",$D$3&"_"&ROW()-13-COUNTBLANK($G$14:G14)) | B14: Giao diện (Phần này viết các trường hợp kiểm thử cho giao diên chung và các giao diện cho các control)
A15: =IF(AND(G15="",G15=""),"",$D$3&"_"&ROW()-13-COUNTBLANK($G$14:G15)) | B15: Kiểm tra truyền vào URL
A16: =IF(AND(G16="",G16=""),"",$D$3&"_"&ROW()-13-COUNTBLANK($G$14:G16)) -> AU3_1 | B16: Kiểm tra path | C16: Sai đường dẫn | D16: http://192.168.1.131:3002/api/auth/refresh12 | F16: 1. Truyền sai path 2. Các trường required, method có dữ liệu hợp lệ | G16: 1. Kết quả trả về: status 404 | H16: MEDIUM | I16: MAJOR | N16: =IF(OR(IF(M16="",IF(L16="",IF(K16="","",K16), L16),M16)="F")=TRUE,"F", IF(OR( IF(M16="",IF(L16="",IF(K16="","",K16), L16),M16)="PE")=TRUE,"PE", IF(AND(IF(M16="",IF(L16="",IF(K16="","",K16), L16),M16)="")=TRUE,"","P")))
A17: =IF(AND(G17="",G17=""),"",$D$3&"_"&ROW()-13-COUNTBLANK($G$14:G17)) -> AU3_2 | C17: Không nhập đường dẫn | D17: Enter URL or text = null | F17: 1. Không truyền path 2. Các trường required, method có dữ liệu hợp lệ | G17: 1. Kết quả trả về: status 404 | H17: MEDIUM | I17: MAJOR | N17: =IF(OR(IF(M17="",IF(L17="",IF(K17="","",K17), L17),M17)="F")=TRUE,"F", IF(OR( IF(M17="",IF(L17="",IF(K17="","",K17), L17),M17)="PE")=TRUE,"PE", IF(AND(IF(M17="",IF(L17="",IF(K17="","",K17), L17),M17)="")=TRUE,"","P")))
A18: =IF(AND(G18="",G18=""),"",$D$3&"_"&ROW()-13-COUNTBLANK($G$14:G18)) -> AU3_3 | C18: Đường dẫn đúng (pre: 1.Có tài khoản : email = hr@example.com, password = Test@123456 2. Login với acc trên để ấy refreshToken từ api | D18: { "refreshToken": "rt_GTNHaj8Q3fvqfUYRfvNQzFCNYHTQn_8xvmfdIEPd2OQpcEufMxouZsiaB53ZI2XrnTq8d9rfULxdtyL7Ze5JnQ" } | F18: 1. Truyền path đúng 2. Các trường required, method có dữ liệu hợp lệ | G18: 1. Kết quả trả về: { "accessToken": "jwt...", "refreshToken": "refresh..." } | H18: HIGH | I18: MAJOR | N18: =IF(OR(IF(M18="",IF(L18="",IF(K18="","",K18), L18),M18)="F")=TRUE,"F", IF(OR( IF(M18="",IF(L18="",IF(K18="","",K18), L18),M18)="PE")=TRUE,"PE", IF(AND(IF(M18="",IF(L18="",IF(K18="","",K18), L18),M18)="")=TRUE,"","P")))
A19: =IF(AND(G19="",G19=""),"",$D$3&"_"&ROW()-13-COUNTBLANK($G$14:G19)) -> AU3_4 | B19: Kiểm tra method | C19: Kiểm tra truyền đúng method | D19: Method: POST { "refreshToken": "rt_GTNHaj8Q3fvqfUYRfvNQzFCNYHTQn_8xvmfdIEPd2OQpcEufMxouZsiaB53ZI2XrnTq8d9rfULxdtyL7Ze5JnQ" } | F19: 1. Truyền path đúng 2. Truyền method đúng 3. Các trường required có dữ liệu hợp lệ | G19: 1. Kết quả trả về: { "accessToken": "jwt...", "refreshToken": "refresh..." } | H19: HIGH | I19: MAJOR
A20: =IF(AND(G20="",G20=""),"",$D$3&"_"&ROW()-13-COUNTBLANK($G$14:G20)) -> AU3_5 | C20: Kiểm tra truyền sai method | D20: Method: GET { "refreshToken": "rt_GTNHaj8Q3fvqfUYRfvNQzFCNYHTQn_8xvmfdIEPd2OQpcEufMxouZsiaB53ZI2XrnTq8d9rfULxdtyL7Ze5JnQ" } | F20: 1. Truyền path đúng 2. Truyền method sai 3. Các trường required có dữ liệu hợp lệ | G20: 1. Kết quả trả về: status 404 | H20: MEDIUM | I20: MAJOR
A21: =IF(AND(G21="",G21=""),"",$D$3&"_"&ROW()-13-COUNTBLANK($G$14:G21)) | B21: Kiểm tra validate các trường thông tin
A22: =IF(AND(G22="",G22=""),"",$D$3&"_"&ROW()-13-COUNTBLANK($G$14:G22)) | B22: Kiểm tra trường refeshToken
A23: =IF(AND(G23="",G23=""),"",$D$3&"_"&ROW()-13-COUNTBLANK($G$14:G23)) -> AU3_6 | B23: Kiểm tra trường refeshToken | C23: Kiểm tra không truyền refreshToken | D23: { } | F23: 1. Ko truyền refreshToken 2. Các trường required có dữ liệu hợp lệ 3. Nhấn send | G23: Hiển thị lỗi 400 Bad Request - Message: "Request payload is invalid" | H23: MEDIUM | I23: MAJOR | N23: =IF(OR(IF(M23="",IF(L23="",IF(K23="","",K23), L23),M23)="F")=TRUE,"F", IF(OR( IF(M23="",IF(L23="",IF(K23="","",K23), L23),M23)="PE")=TRUE,"PE", IF(AND(IF(M23="",IF(L23="",IF(K23="","",K23), L23),M23)="")=TRUE,"","P")))
A24: =IF(AND(G24="",G24=""),"",$D$3&"_"&ROW()-13-COUNTBLANK($G$14:G24)) -> AU3_7 | C24: Kiểm tra truyền refreshToken = null | D24: { "refreshToken": null } | F24: 1. refreshToken = data test 2. Các trường required có dữ liệu hợp lệ 3. Nhấn send | G24: Hiển thị lỗi 400 Bad Request - Message: "Request payload is invalid" | H24: MEDIUM | I24: MAJOR | N24: =IF(OR(IF(M24="",IF(L24="",IF(K24="","",K24), L24),M24)="F")=TRUE,"F", IF(OR( IF(M24="",IF(L24="",IF(K24="","",K24), L24),M24)="PE")=TRUE,"PE", IF(AND(IF(M24="",IF(L24="",IF(K24="","",K24), L24),M24)="")=TRUE,"","P")))
A25: =IF(AND(G25="",G25=""),"",$D$3&"_"&ROW()-13-COUNTBLANK($G$14:G25)) -> AU3_8 | C25: Kiểm tra truyền refreshToken = rỗng | D25: { "refreshToken": "" } | F25: 1. refreshToken = data test 2. Các trường required có dữ liệu hợp lệ 3. Nhấn send | G25: Hiển thị lỗi 400 Bad Request - Message: "Request payload is invalid" | H25: MEDIUM | I25: MAJOR | N25: =IF(OR(IF(M25="",IF(L25="",IF(K25="","",K25), L25),M25)="F")=TRUE,"F", IF(OR( IF(M25="",IF(L25="",IF(K25="","",K25), L25),M25)="PE")=TRUE,"PE", IF(AND(IF(M25="",IF(L25="",IF(K25="","",K25), L25),M25)="")=TRUE,"","P")))
A26: =IF(AND(G26="",G26=""),"",$D$3&"_"&ROW()-13-COUNTBLANK($G$14:G26)) -> AU3_9 | C26: Kiểm tra truyền refreshToken = chuỗi space | D26: { "refreshToken": " " } | F26: 1. refreshToken = data test 2. Các trường required có dữ liệu hợp lệ 3. Nhấn send | G26: Hiển thị lỗi 401 Unauthorized - Authentication is required | H26: MEDIUM | I26: MAJOR | N26: =IF(OR(IF(M26="",IF(L26="",IF(K26="","",K26), L26),M26)="F")=TRUE,"F", IF(OR( IF(M26="",IF(L26="",IF(K26="","",K26), L26),M26)="PE")=TRUE,"PE", IF(AND(IF(M26="",IF(L26="",IF(K26="","",K26), L26),M26)="")=TRUE,"","P")))
A27: =IF(AND(G27="",G27=""),"",$D$3&"_"&ROW()-13-COUNTBLANK($G$14:G27)) -> AU3_10 | C27: Kiểm tra truyền refreshToken được cấp sau khi đăng nhập | D27: { "refreshToken": "rt_GTNHaj8Q3fvqfUYRfvNQzFCNYHTQn_8xvmfdIEPd2OQpcEufMxouZsiaB53ZI2XrnTq8d9rfULxdtyL7Ze5JnQ" } | F27: 1. refreshToken = data test 2. Các trường required có dữ liệu hợp lệ 3. Nhấn send | G27: 1. Kết quả trả về: { "accessToken": "jwt...", "refreshToken": "refresh..." } | H27: HIGH | I27: MAJOR | N27: =IF(OR(IF(M27="",IF(L27="",IF(K27="","",K27), L27),M27)="F")=TRUE,"F", IF(OR( IF(M27="",IF(L27="",IF(K27="","",K27), L27),M27)="PE")=TRUE,"PE", IF(AND(IF(M27="",IF(L27="",IF(K27="","",K27), L27),M27)="")=TRUE,"","P")))
A28: =IF(AND(G28="",G28=""),"",$D$3&"_"&ROW()-13-COUNTBLANK($G$14:G28)) -> AU3_11 | C28: Kiểm tra truyền password refreshToken không tồn tại trong hệ thống | D28: { "refreshToken": "rt_GTNHaj8Q3fvqfUYRfvNQzFCNYHTQn_8xvmfdIEPd2OQpcEufMxouZsiaB53ZI2XrnTq8d9rfULxdtyL7Ze5JnQ12" } | F28: 1. refreshToken = data test 2. Các trường required có dữ liệu hợp lệ 3. Nhấn send | G28: Hiển thị lỗi 401 Unauthorized - Authentication is required | H28: MEDIUM | I28: MAJOR | N28: =IF(OR(IF(M28="",IF(L28="",IF(K28="","",K28), L28),M28)="F")=TRUE,"F", IF(OR( IF(M28="",IF(L28="",IF(K28="","",K28), L28),M28)="PE")=TRUE,"PE", IF(AND(IF(M28="",IF(L28="",IF(K28="","",K28), L28),M28)="")=TRUE,"","P")))
A29: =IF(AND(G29="",G29=""),"",$D$3&"_"&ROW()-13-COUNTBLANK($G$14:G29)) -> AU3_12 | C29: Kiểm tra truyền refreshToken khác kiểu dữ liệu String | D29: { "refreshToken": 123 } | F29: 1. refreshToken = data test 2. Các trường required có dữ liệu hợp lệ 3. Nhấn send | G29: Hiển thị lỗi 401 Unauthorized - Authentication is required | H29: MEDIUM | I29: MAJOR | N29: =IF(OR(IF(M29="",IF(L29="",IF(K29="","",K29), L29),M29)="F")=TRUE,"F", IF(OR( IF(M29="",IF(L29="",IF(K29="","",K29), L29),M29)="PE")=TRUE,"PE", IF(AND(IF(M29="",IF(L29="",IF(K29="","",K29), L29),M29)="")=TRUE,"","P")))
A30: =IF(AND(G30="",G30=""),"",$D$3&"_"&ROW()-13-COUNTBLANK($G$14:G30)) | B30: Chức năng
A31: =IF(AND(G31="",G31=""),"",$D$3&"_"&ROW()-13-COUNTBLANK($G$14:G31)) -> AU3_13 | B31: Kiểm tra khi API thực thi thành công | C31: Kiểm tra truyền refreshToken đã cấp khi đăng nhập | D31: { "refreshToken": "rt_GTNHaj8Q3fvqfUYRfvNQzFCNYHTQn_8xvmfdIEPd2OQpcEufMxouZsiaB53ZI2XrnTq8d9rfULxdtyL7Ze5JnQ" } | F31: 1. Nhập các trường = data test 2. Send request | G31: 1. Kết quả trả về: { "accessToken": "jwt...", "refreshToken": "refresh..." } | H31: HIGH | I31: MAJOR | N31: =IF(OR(IF(M31="",IF(L31="",IF(K31="","",K31), L31),M31)="F")=TRUE,"F", IF(OR( IF(M31="",IF(L31="",IF(K31="","",K31), L31),M31)="PE")=TRUE,"PE", IF(AND(IF(M31="",IF(L31="",IF(K31="","",K31), L31),M31)="")=TRUE,"","P")))
A32: =IF(AND(G32="",G32=""),"",$D$3&"_"&ROW()-13-COUNTBLANK($G$14:G32)) -> AU3_14 | B32: Kiểm tra khi API thực thi không thành công | C32: Kiểm tra truyền refreshToken không tồn tại | D32: { "refreshToken": "rt_GTNHaj8Q3fvqfUYRfvNQzFCNYHTQn_8xvmfdIEPd2OQpcEufMxouZsiaB53ZI2XrnTq8d9rfULxdtyL7Ze5JnQ12" } | F32: 1. Nhập các trường = data test 2. Send request | G32: Hiển thị lỗi 401 Unauthorized - Authentication is required | H32: HIGH | I32: MAJOR | N32: =IF(OR(IF(M32="",IF(L32="",IF(K32="","",K32), L32),M32)="F")=TRUE,"F", IF(OR( IF(M32="",IF(L32="",IF(K32="","",K32), L32),M32)="PE")=TRUE,"PE", IF(AND(IF(M32="",IF(L32="",IF(K32="","",K32), L32),M32)="")=TRUE,"","P")))
A33: =IF(AND(G33="",G33=""),"",$D$3&"_"&ROW()-13-COUNTBLANK($G$14:G33)) -> AU3_15 | C33: Kiểm tra khi API thực thi khi server lỗi | D33: { "refreshToken": "rt_GTNHaj8Q3fvqfUYRfvNQzFCNYHTQn_8xvmfdIEPd2OQpcEufMxouZsiaB53ZI2XrnTq8d9rfULxdtyL7Ze5JnQ12" } | F33: 1. Nhập các trường = data test 2. Send request | G33: Hiển thị lỗi 401 Unauthorized - Authentication is required | H33: HIGH | I33: MAJOR | N33: =IF(OR(IF(M33="",IF(L33="",IF(K33="","",K33), L33),M33)="F")=TRUE,"F", IF(OR( IF(M33="",IF(L33="",IF(K33="","",K33), L33),M33)="PE")=TRUE,"PE", IF(AND(IF(M33="",IF(L33="",IF(K33="","",K33), L33),M33)="")=TRUE,"","P")))
A34: =IF(AND(G34="",G34=""),"",$D$3&"_"&ROW()-13-COUNTBLANK($G$14:G34)) -> AU3_16 | B34: Kiểm tra send request nhiều lần/phút | C34: Kiểm tra send request nhỏ hơn hoặc bằng 30 lần/phút | D34: { "refreshToken": "rt_GTNHaj8Q3fvqfUYRfvNQzFCNYHTQn_8xvmfdIEPd2OQpcEufMxouZsiaB53ZI2XrnTq8d9rfULxdtyL7Ze5JnQ" } | F34: 1. Nhập các trường = data test 2. Send request 30 lần | G34: 1. Kết quả trả về: { "accessToken": "jwt...", "refreshToken": "refresh..." } | H34: HIGH | I34: MAJOR | N34: =IF(OR(IF(M34="",IF(L34="",IF(K34="","",K34), L34),M34)="F")=TRUE,"F", IF(OR( IF(M34="",IF(L34="",IF(K34="","",K34), L34),M34)="PE")=TRUE,"PE", IF(AND(IF(M34="",IF(L34="",IF(K34="","",K34), L34),M34)="")=TRUE,"","P")))
A35: =IF(AND(G35="",G35=""),"",$D$3&"_"&ROW()-13-COUNTBLANK($G$14:G35)) -> AU3_17 | C35: Kiểm tra send request nhiều hơn 30 lần/phút | D35: { "refreshToken": "rt_GTNHaj8Q3fvqfUYRfvNQzFCNYHTQn_8xvmfdIEPd2OQpcEufMxouZsiaB53ZI2XrnTq8d9rfULxdtyL7Ze5JnQ" } | F35: 1. Nhập các trường = data test 2. Send request 31 lần | G35: Hiển thị lỗi 429 Too many Request - Too many requests. Please retry later | H35: HIGH | I35: MAJOR | N35: =IF(OR(IF(M35="",IF(L35="",IF(K35="","",K35), L35),M35)="F")=TRUE,"F", IF(OR( IF(M35="",IF(L35="",IF(K35="","",K35), L35),M35)="PE")=TRUE,"PE", IF(AND(IF(M35="",IF(L35="",IF(K35="","",K35), L35),M35)="")=TRUE,"","P")))
A36: =IF(AND(G36="",G36=""),"",$D$3&"_"&ROW()-13-COUNTBLANK($G$14:G36)) | B36: Chức năng ảnh hưởng
A37: =IF(AND(G37="",G37=""),"",$D$3&"_"&ROW()-13-COUNTBLANK($G$14:G37)) | B37: N/A | N37: =IF(OR(IF(M37="",IF(L37="",IF(K37="","",K37), L37),M37)="F")=TRUE,"F", IF(OR( IF(M37="",IF(L37="",IF(K37="","",K37), L37),M37)="PE")=TRUE,"PE", IF(AND(IF(M37="",IF(L37="",IF(K37="","",K37), L37),M37)="")=TRUE,"","P")))
A38: =IF(AND(G38="",G38=""),"",$D$3&"_"&ROW()-13-COUNTBLANK($G$14:G38)) | B38: An toàn thông tin (Các trường hợp kiểm thử đảm bảo an toàn thông tin theo hướng dẫn kiểm thử an toàn thông tin)
A39: =IF(AND(G39="",G39=""),"",$D$3&"_"&ROW()-13-COUNTBLANK($G$14:G39)) | B39: N/A | N39: =IF(OR(IF(M39="",IF(L39="",IF(K39="","",K39), L39),M39)="F")=TRUE,"F", IF(OR( IF(M39="",IF(L39="",IF(K39="","",K39), L39),M39)="PE")=TRUE,"PE", IF(AND(IF(M39="",IF(L39="",IF(K39="","",K39), L39),M39)="")=TRUE,"","P")))

Sheet Convention
A1: CONVENTION
A2: STT | B2: MÔ TẢ
A3: 1 | B3: ID
B4: Đây là trường bắt buộc, thể hiện số thứ tự các test case.
B5: ID được đánh theo format Mã chức năng kiểm thử_Số thứ tự
B6: Số thứ tự tăng dần, theo công thức có sẵn
A7: 2 | B7: Mục đích kiểm thử
B8: Bắt buộc test case mở đầu bằng 1 trong các từ : Kiểm tra hoặc Verify. Ví dụ: Kiểm tra khi gửi bản tin trừ tiền sang ngân hàng….
A9: 3 | B9: Trường hợp kiểm thử
B10: Mô tả ngắn gọn, chính xác trường hợp cần kiểm tra tương ứng mục đích kiểm thử. Ví dụ, với mục đích kiểm thử ở mục 2 có các trường hợp: Số dư không đủ hoặc Số tài khoản thụ hưởng không tồn tại, …
B11: Tuỳ theo cách phân rã, trường hợp kiểm thử có thể là mục đích kiểm thử
A12: 4 | B12: Data test
B13: Mô tả các bước chuẩn bị dữ liệu đầu vào cho case tương ứng
A14: 5 | B14: Các bước thực hiện
B15: - Mô tả chi tiết từng bước một cho đến khi ra được kết quả mong muốn
B16: - Các case có nhiều bước thì bắt buộc đánh số thứ tự thực hiện .Eg: Step 1, Step 2,....
A17: 6 | B17: Kết quả mong muốn
B18: - Mô tả kết quả mong muốn đúng với mục đích kiểm tra, đúng với yêu cầu khách hàng - Một test case có thể có nhiều expected result. Mỗi expected result tách ra 1 hàng
A19: 7 | B19: Tên trình duyệt
B20: Với các trình duyệt thực hiện kiểm thử, yêu cầu điền chính xác trình duyệt và version thực hiện kiểm thử trên thực tế. Ví dụ Firefox 42 /Chrome/Android 8 /IOS 13….
A21: 8 | B21: Kết quả test
B22: P | C22: Khi thực tế đúng với kết quả mong muốn
B23: F | C23: Khi thực tế không đúng kết quả mong muốn
B24: PE | C24: Khi không thể tạo được môi trường test hoặc trường hợp không thể xảy ra trên thực tế hoặc case không nằm trong phạm vi test của lần nâng cấp sửa đổi.
A25: 9 | B25: Mã lỗi
B26: Với các case có kết quả là F, yêu cầu cần điền mã lỗi là link tới ID lỗi được log trên Jira
A27: 10 | B27: Ghi chú
B28: Với các case có kết quả là PE, ghi rõ lí do ở cột Ghi chú Hoặc chú thích cho các trường hợp kết quả test là F nhưng không fix trong giai đoạn này
A29: 11 | B29: Cách đặt tên file
B30: Đặt theo đúng format KBKTCN_Tên dự án_Tên phân hệ/Tên chức năng_version (trong đó version được đánh theo quy tắc tăng dần v1.0, v1.1)
A31: 12 | B31: Cách đặt tên sheet
B32: Mỗi sheet được định nghĩa là 1 chức năng tương ứng với 1 màn hình Đặt tên ngắn gọn, dễ hiểu có thể viết tắt nếu tên chức năng quá dài Tuy nhiên khi đặt tên chú ý tên là tiếng việt không dấu và viết liền nhau với quy tắc với chữ cái đầu tiên sẽ viết hoa Ví dụ màn hình chức năng Chuyển khoản theo SĐT sẽ đặt tên là ChuyenKhoanTheoSDT
A33: 13 | B33: Quy định bố cục trong mỗi sheet
B34: Trong mỗi sheet, sẽ bao gồm n chức năng nhỏ trên màn hình. Mỗi chức năng sẽ bao gồm 3 phần: Giao diện, Chức năng và An toàn thông tin.
B35: Đối với 1 chức năng lớn, phần "Giao diện", "Chức năng", "An toàn thông tin" nếu không có phần nào, thì để N/A phần đó Ví dụ: chức năng A không có UI/UX, khi viết testcase, phần Giao diện sẽ để N/A
B36: Được phép Hide các cột ứng với các trình duyệt mà không thực hiện kiểm thử (không được phép xóa vì sẽ ảnh hưởng đến công thức tính pass fail)

Sheet API_lay_DS_JD_da_dong_bo
C1: KỊCH BẢN KIỂM THỬ *
C2: Tên màn hình/Tên chức năng | D2: API lấy danh sách JD đã đồng bộ
C3: Mã testcase | D3: JD
C4: Số testcase đạt (P) | D4: =COUNTIF($N$13:$N$999,"P") -> 0
C5: Số testcase không đạt (F) | D5: =COUNTIF($N$13:$N$999,"F") -> 0
C6: Số testcase đang xem xét (PE) | D6: =COUNTIF($N$13:$N$999,"PE") -> 0
C7: Số testcase chưa test | D7: =D8-D4-D5-D6 -> 85
C8: Tổng số testcase | D8: =COUNTA($G$13:$G$999) -> 85
A10: ID | B10: Mục đích kiểm thử | C10: Trường hợp kiểm thử | D10: Data test | E10: cURL | F10: Các bước thực hiện | G10: Kết quả mong muốn | H10: Thứ tự ưu tiên | I10: Mức độ nghiêm trọng | J10: Hình ảnh | K10: Manual test | L10: Manual test | M10: Manual test | N10: Kết quả test (M) | O10: Mã lỗi | P10: Ghi chú
A11: ID | B11: Mục đích kiểm thử | C11: Trường hợp kiểm thử | D11: Data test | E11: cURL | F11: Các bước thực hiện | G11: Kết quả mong muốn | H11: Thứ tự ưu tiên | I11: Mức độ nghiêm trọng | J11: Hình ảnh | K11: Postman | L11: Postman | M11: Postman | N11: Kết quả test (M) | O11: Mã lỗi | P11: Ghi chú
A12: ID | B12: Mục đích kiểm thử | C12: Trường hợp kiểm thử | D12: Data test | E12: cURL | F12: Các bước thực hiện | G12: Kết quả mong muốn | H12: Thứ tự ưu tiên | I12: Mức độ nghiêm trọng | J12: Hình ảnh | K12: Lần 1 | L12: Lần 2 | M12: Lần 3 | N12: Kết quả test (M) | O12: Mã lỗi | P12: Ghi chú
B13: Chức năng: API lấy danh sách JD đã đồng bộ Method: GET MT alpha: Url: http://192.168.1.131:3002/api/job-descriptions Authorization: Bearer <validHrAccessToken> Query params: page, limit, search, sourceSystem, status, latestSyncedOnly, sortBy, sortOrder Request body: N/A
A14: =IF(AND(G14="",G14=""),"",$D$3&"_"&ROW()-13-COUNTBLANK($G$14:G14)) | B14: Kiểm tra validate request
A15: =IF(AND(G15="",G15=""),"",$D$3&"_"&ROW()-13-COUNTBLANK($G$14:G15)) | B15: Kiểm tra validity của method
A16: =IF(AND(G16="",G16=""),"",$D$3&"_"&ROW()-13-COUNTBLANK($G$14:G16)) -> JD_1 | B16: Kiểm tra validity của method | C16: Kiểm tra truyền đúng method của API (method = GET) | D16: Authorization: Bearer <validHrAccessToken> Method: GET URL: http://192.168.1.131:3002/api/job-descriptions Query params: N/A Request body: N/A | E16: curl -X GET "http://192.168.1.131:3002/api/job-descriptions" ^ -H "Authorization: Bearer <validHrAccessToken>" | F16: 1. Chuẩn bị accessToken theo Data test. 2. Gửi request GET /api/job-descriptions với header và query parameter như Data test. 3. Kiểm tra status code và response body. | G16: 1. Kết quả trả về: - Status code: 200 OK - API thực thi thành công và trả về response như format chung | H16: HIGH | I16: MAJOR | N16: =IF(OR(IF(M16="",IF(L16="",IF(K16="","",K16),L16),M16)="F")=TRUE,"F",IF(OR(IF(M16="",IF(L16="",IF(K16="","",K16),L16),M16)="PE")=TRUE,"PE",IF(AND(IF(M16="",IF(L16="",IF(K16="","",K16),L16),M16)="")=TRUE,"","P")))
A17: =IF(AND(G17="",G17=""),"",$D$3&"_"&ROW()-13-COUNTBLANK($G$14:G17)) -> JD_2 | C17: Kiểm tra truyền sai method của API | D17: Authorization: Bearer <validHrAccessToken> Method: POST URL: http://192.168.1.131:3002/api/job-descriptions Query params: N/A Request body: N/A | E17: curl -X POST "http://192.168.1.131:3002/api/job-descriptions" ^ -H "Authorization: Bearer <validHrAccessToken>" | F17: 1. Chuẩn bị accessToken theo Data test. 2. Gửi request GET /api/job-descriptions với header và query parameter như Data test. 3. Kiểm tra status code và response body. | G17: 1. Kết quả trả về: - Status code: 404 Not Found | H17: MEDIUM | I17: MAJOR | N17: =IF(OR(IF(M17="",IF(L17="",IF(K17="","",K17),L17),M17)="F")=TRUE,"F",IF(OR(IF(M17="",IF(L17="",IF(K17="","",K17),L17),M17)="PE")=TRUE,"PE",IF(AND(IF(M17="",IF(L17="",IF(K17="","",K17),L17),M17)="")=TRUE,"","P")))
A18: =IF(AND(G18="",G18=""),"",$D$3&"_"&ROW()-13-COUNTBLANK($G$14:G18)) | B18: Kiểm tra validity của URL Request
A19: =IF(AND(G19="",G19=""),"",$D$3&"_"&ROW()-13-COUNTBLANK($G$14:G19)) -> JD_3 | B19: Kiểm tra validity của URL Request | C19: Kiểm tra truyền đúng URL Request của API | D19: Authorization: Bearer <validHrAccessToken> Method: GET URL: http://192.168.1.131:3002/api/job-descriptions Query params: N/A Request body: N/A | E19: curl -X GET "http://192.168.1.131:3002/api/job-descriptions" ^ -H "Authorization: Bearer <validHrAccessToken>" | F19: 1. Chuẩn bị accessToken theo Data test. 2. Gửi request GET /api/job-descriptions với header và query parameter như Data test. 3. Kiểm tra status code và response body. | G19: 1. Kết quả trả về: - Status code: 200 OK - API thực thi thành công và trả về response như format chung | H19: HIGH | I19: MAJOR | N19: =IF(OR(IF(M19="",IF(L19="",IF(K19="","",K19),L19),M19)="F")=TRUE,"F",IF(OR(IF(M19="",IF(L19="",IF(K19="","",K19),L19),M19)="PE")=TRUE,"PE",IF(AND(IF(M19="",IF(L19="",IF(K19="","",K19),L19),M19)="")=TRUE,"","P")))
A20: =IF(AND(G20="",G20=""),"",$D$3&"_"&ROW()-13-COUNTBLANK($G$14:G20)) -> JD_4 | C20: Kiểm tra truyền sai URL Request của API | D20: Authorization: Bearer <validHrAccessToken> Method: GET URL: http://192.168.1.131:3002/api/job-descriptions/invalid Query params: N/A Request body: N/A | E20: curl -X GET "http://192.168.1.131:3002/api/job-descriptions/invalid" ^ -H "Authorization: Bearer <validHrAccessToken>" | F20: 1. Chuẩn bị accessToken theo Data test. 2. Gửi request GET /api/job-descriptions với header và query parameter như Data test. 3. Kiểm tra status code và response body. | G20: 1. Kết quả trả về: - Status code: 404 Not Found | H20: MEDIUM | I20: MAJOR | N20: =IF(OR(IF(M20="",IF(L20="",IF(K20="","",K20),L20),M20)="F")=TRUE,"F",IF(OR(IF(M20="",IF(L20="",IF(K20="","",K20),L20),M20)="PE")=TRUE,"PE",IF(AND(IF(M20="",IF(L20="",IF(K20="","",K20),L20),M20)="")=TRUE,"","P")))
A21: =IF(AND(G21="",G21=""),"",$D$3&"_"&ROW()-13-COUNTBLANK($G$14:G21)) | B21: Kiểm tra validate query parameter
A22: =IF(AND(G22="",G22=""),"",$D$3&"_"&ROW()-13-COUNTBLANK($G$14:G22)) | B22: Kiểm tra trường page
A23: =IF(AND(G23="",G23=""),"",$D$3&"_"&ROW()-13-COUNTBLANK($G$14:G23)) -> JD_5 | B23: Kiểm tra trường page | C23: Kiểm tra không truyền page | D23: Authorization: Bearer <validHrAccessToken> Method: GET URL: http://192.168.1.131:3002/api/job-descriptions Query params: N/A Request body: N/A | E23: curl -X GET "http://192.168.1.131:3002/api/job-descriptions" ^ -H "Authorization: Bearer <validHrAccessToken>" | F23: 1. Chuẩn bị accessToken theo Data test. 2. Gửi request GET /api/job-descriptions với header và query parameter như Data test. 3. Kiểm tra status code và response body. | G23: 1. Kết quả trả về: - Status code: 200 OK - API thực thi thành công và trả về response như format chung | H23: HIGH | I23: MAJOR | N23: =IF(OR(IF(M23="",IF(L23="",IF(K23="","",K23),L23),M23)="F")=TRUE,"F",IF(OR(IF(M23="",IF(L23="",IF(K23="","",K23),L23),M23)="PE")=TRUE,"PE",IF(AND(IF(M23="",IF(L23="",IF(K23="","",K23),L23),M23)="")=TRUE,"","P")))
A24: =IF(AND(G24="",G24=""),"",$D$3&"_"&ROW()-13-COUNTBLANK($G$14:G24)) -> JD_6 | C24: Kiểm tra truyền page = null/rỗng | D24: Authorization: Bearer <validHrAccessToken> Method: GET URL: http://192.168.1.131:3002/api/job-descriptions Query params: page= Request body: N/A | E24: curl -X GET "http://192.168.1.131:3002/api/job-descriptions?page=" ^ -H "Authorization: Bearer <validHrAccessToken>" | F24: 1. Chuẩn bị accessToken theo Data test. 2. Gửi request GET /api/job-descriptions với header và query parameter như Data test. 3. Kiểm tra status code và response body. | G24: 1. Kết quả trả về: - Status code: 200 OK - API thực thi thành công và trả về response như format chung | H24: HIGH | I24: MAJOR | N24: =IF(OR(IF(M24="",IF(L24="",IF(K24="","",K24),L24),M24)="F")=TRUE,"F",IF(OR(IF(M24="",IF(L24="",IF(K24="","",K24),L24),M24)="PE")=TRUE,"PE",IF(AND(IF(M24="",IF(L24="",IF(K24="","",K24),L24),M24)="")=TRUE,"","P")))
A25: =IF(AND(G25="",G25=""),"",$D$3&"_"&ROW()-13-COUNTBLANK($G$14:G25)) -> JD_7 | C25: Kiểm tra truyền page > 0 | D25: Authorization: Bearer <validHrAccessToken> Method: GET URL: http://192.168.1.131:3002/api/job-descriptions Query params: page=1 Request body: N/A | E25: curl -X GET "http://192.168.1.131:3002/api/job-descriptions?page=1" ^ -H "Authorization: Bearer <validHrAccessToken>" | F25: 1. Chuẩn bị accessToken theo Data test. 2. Gửi request GET /api/job-descriptions với header và query parameter như Data test. 3. Kiểm tra status code và response body. | G25: 1. Kết quả trả về: - Status code: 200 OK - API thực thi thành công và trả về response như format chung - MM: response trả về trang dữ liệu tương ứng với page đã truyền | H25: HIGH | I25: MAJOR | N25: =IF(OR(IF(M25="",IF(L25="",IF(K25="","",K25),L25),M25)="F")=TRUE,"F",IF(OR(IF(M25="",IF(L25="",IF(K25="","",K25),L25),M25)="PE")=TRUE,"PE",IF(AND(IF(M25="",IF(L25="",IF(K25="","",K25),L25),M25)="")=TRUE,"","P")))
A26: =IF(AND(G26="",G26=""),"",$D$3&"_"&ROW()-13-COUNTBLANK($G$14:G26)) -> JD_8 | C26: Kiểm tra truyền page = chuỗi space | D26: Authorization: Bearer <validHrAccessToken> Method: GET URL: http://192.168.1.131:3002/api/job-descriptions Query params: page= Request body: N/A | E26: curl -X GET "http://192.168.1.131:3002/api/job-descriptions?page=%20" ^ -H "Authorization: Bearer <validHrAccessToken>" | F26: 1. Chuẩn bị accessToken theo Data test. 2. Gửi request GET /api/job-descriptions với header và query parameter như Data test. 3. Kiểm tra status code và response body. | G26: 1. Kết quả trả về: - Status code: 400 Bad Request - Message: Request payload is invalid | H26: MEDIUM | I26: MAJOR | N26: =IF(OR(IF(M26="",IF(L26="",IF(K26="","",K26),L26),M26)="F")=TRUE,"F",IF(OR(IF(M26="",IF(L26="",IF(K26="","",K26),L26),M26)="PE")=TRUE,"PE",IF(AND(IF(M26="",IF(L26="",IF(K26="","",K26),L26),M26)="")=TRUE,"","P")))
A27: =IF(AND(G27="",G27=""),"",$D$3&"_"&ROW()-13-COUNTBLANK($G$14:G27)) -> JD_9 | C27: Kiểm tra truyền page = 0 | D27: Authorization: Bearer <validHrAccessToken> Method: GET URL: http://192.168.1.131:3002/api/job-descriptions Query params: page=0 Request body: N/A | E27: curl -X GET "http://192.168.1.131:3002/api/job-descriptions?page=0" ^ -H "Authorization: Bearer <validHrAccessToken>" | F27: 1. Chuẩn bị accessToken theo Data test. 2. Gửi request GET /api/job-descriptions với header và query parameter như Data test. 3. Kiểm tra status code và response body. | G27: 1. Kết quả trả về: - Status code: 400 Bad Request - Message: Request payload is invalid | H27: MEDIUM | I27: MAJOR | N27: =IF(OR(IF(M27="",IF(L27="",IF(K27="","",K27),L27),M27)="F")=TRUE,"F",IF(OR(IF(M27="",IF(L27="",IF(K27="","",K27),L27),M27)="PE")=TRUE,"PE",IF(AND(IF(M27="",IF(L27="",IF(K27="","",K27),L27),M27)="")=TRUE,"","P")))
A28: =IF(AND(G28="",G28=""),"",$D$3&"_"&ROW()-13-COUNTBLANK($G$14:G28)) -> JD_10 | C28: Kiểm tra truyền page = < 0 | D28: Authorization: Bearer <validHrAccessToken> Method: GET URL: http://192.168.1.131:3002/api/job-descriptions Query params: page=-1 Request body: N/A | E28: curl -X GET "http://192.168.1.131:3002/api/job-descriptions?page=-1" ^ -H "Authorization: Bearer <validHrAccessToken>" | F28: 1. Chuẩn bị accessToken theo Data test. 2. Gửi request GET /api/job-descriptions với header và query parameter như Data test. 3. Kiểm tra status code và response body. | G28: 1. Kết quả trả về: - Status code: 400 Bad Request - Message: Request payload is invalid | H28: MEDIUM | I28: MAJOR | N28: =IF(OR(IF(M28="",IF(L28="",IF(K28="","",K28),L28),M28)="F")=TRUE,"F",IF(OR(IF(M28="",IF(L28="",IF(K28="","",K28),L28),M28)="PE")=TRUE,"PE",IF(AND(IF(M28="",IF(L28="",IF(K28="","",K28),L28),M28)="")=TRUE,"","P")))
A29: =IF(AND(G29="",G29=""),"",$D$3&"_"&ROW()-13-COUNTBLANK($G$14:G29)) -> JD_11 | C29: Kiểm tra truyền page = số thực | D29: Authorization: Bearer <validHrAccessToken> Method: GET URL: http://192.168.1.131:3002/api/job-descriptions Query params: page=1.5 Request body: N/A | E29: curl -X GET "http://192.168.1.131:3002/api/job-descriptions?page=1.5" ^ -H "Authorization: Bearer <validHrAccessToken>" | F29: 1. Chuẩn bị accessToken theo Data test. 2. Gửi request GET /api/job-descriptions với header và query parameter như Data test. 3. Kiểm tra status code và response body. | G29: 1. Kết quả trả về: - Status code: 400 Bad Request - Message: Request payload is invalid | H29: MEDIUM | I29: MAJOR | N29: =IF(OR(IF(M29="",IF(L29="",IF(K29="","",K29),L29),M29)="F")=TRUE,"F",IF(OR(IF(M29="",IF(L29="",IF(K29="","",K29),L29),M29)="PE")=TRUE,"PE",IF(AND(IF(M29="",IF(L29="",IF(K29="","",K29),L29),M29)="")=TRUE,"","P")))
A30: =IF(AND(G30="",G30=""),"",$D$3&"_"&ROW()-13-COUNTBLANK($G$14:G30)) -> JD_12 | C30: Kiểm tra truyền page = chữ | D30: Authorization: Bearer <validHrAccessToken> Method: GET URL: http://192.168.1.131:3002/api/job-descriptions Query params: page=abc Request body: N/A | E30: curl -X GET "http://192.168.1.131:3002/api/job-descriptions?page=abc" ^ -H "Authorization: Bearer <validHrAccessToken>" | F30: 1. Chuẩn bị accessToken theo Data test. 2. Gửi request GET /api/job-descriptions với header và query parameter như Data test. 3. Kiểm tra status code và response body. | G30: 1. Kết quả trả về: - Status code: 400 Bad Request - Message: Request payload is invalid | H30: MEDIUM | I30: MAJOR | N30: =IF(OR(IF(M30="",IF(L30="",IF(K30="","",K30),L30),M30)="F")=TRUE,"F",IF(OR(IF(M30="",IF(L30="",IF(K30="","",K30),L30),M30)="PE")=TRUE,"PE",IF(AND(IF(M30="",IF(L30="",IF(K30="","",K30),L30),M30)="")=TRUE,"","P")))
A31: =IF(AND(G31="",G31=""),"",$D$3&"_"&ROW()-13-COUNTBLANK($G$14:G31)) -> JD_13 | C31: Kiểm tra truyền page = ký tự đặc biệt | D31: Authorization: Bearer <validHrAccessToken> Method: GET URL: http://192.168.1.131:3002/api/job-descriptions Query params: page=@#$ Request body: N/A | E31: curl -X GET "http://192.168.1.131:3002/api/job-descriptions?page=%40%23%24" ^ -H "Authorization: Bearer <validHrAccessToken>" | F31: 1. Chuẩn bị accessToken theo Data test. 2. Gửi request GET /api/job-descriptions với header và query parameter như Data test. 3. Kiểm tra status code và response body. | G31: 1. Kết quả trả về: - Status code: 400 Bad Request - Message: Request payload is invalid | H31: MEDIUM | I31: MAJOR | N31: =IF(OR(IF(M31="",IF(L31="",IF(K31="","",K31),L31),M31)="F")=TRUE,"F",IF(OR(IF(M31="",IF(L31="",IF(K31="","",K31),L31),M31)="PE")=TRUE,"PE",IF(AND(IF(M31="",IF(L31="",IF(K31="","",K31),L31),M31)="")=TRUE,"","P")))
A32: =IF(AND(G32="",G32=""),"",$D$3&"_"&ROW()-13-COUNTBLANK($G$14:G32)) -> JD_14 | C32: Kiểm tra truyền page = khác kiểu dữ liệu Int | D32: Authorization: Bearer <validHrAccessToken> Method: GET URL: http://192.168.1.131:3002/api/job-descriptions Query params: page[]=1 Request body: N/A | E32: curl -X GET "http://192.168.1.131:3002/api/job-descriptions?page%5B%5D=1" ^ -H "Authorization: Bearer <validHrAccessToken>" | F32: 1. Chuẩn bị accessToken theo Data test. 2. Gửi request GET /api/job-descriptions với header và query parameter như Data test. 3. Kiểm tra status code và response body. | G32: 1. Kết quả trả về: - Status code: 400 Bad Request - Message: Request payload is invalid | H32: MEDIUM | I32: MAJOR | N32: =IF(OR(IF(M32="",IF(L32="",IF(K32="","",K32),L32),M32)="F")=TRUE,"F",IF(OR(IF(M32="",IF(L32="",IF(K32="","",K32),L32),M32)="PE")=TRUE,"PE",IF(AND(IF(M32="",IF(L32="",IF(K32="","",K32),L32),M32)="")=TRUE,"","P")))
A33: =IF(AND(G33="",G33=""),"",$D$3&"_"&ROW()-13-COUNTBLANK($G$14:G33)) | B33: Kiểm tra trường limit
A34: =IF(AND(G34="",G34=""),"",$D$3&"_"&ROW()-13-COUNTBLANK($G$14:G34)) -> JD_15 | B34: Kiểm tra trường limit | C34: Kiểm tra không truyền limit | D34: Authorization: Bearer <validHrAccessToken> Method: GET URL: http://192.168.1.131:3002/api/job-descriptions Query params: N/A Request body: N/A | E34: curl -X GET "http://192.168.1.131:3002/api/job-descriptions" ^ -H "Authorization: Bearer <validHrAccessToken>" | F34: 1. Chuẩn bị accessToken theo Data test. 2. Gửi request GET /api/job-descriptions với header và query parameter như Data test. 3. Kiểm tra status code và response body. | G34: 1. Kết quả trả về: - Status code: 200 OK - API thực thi thành công và trả về response như format chung | H34: HIGH | I34: MAJOR | N34: =IF(OR(IF(M34="",IF(L34="",IF(K34="","",K34),L34),M34)="F")=TRUE,"F",IF(OR(IF(M34="",IF(L34="",IF(K34="","",K34),L34),M34)="PE")=TRUE,"PE",IF(AND(IF(M34="",IF(L34="",IF(K34="","",K34),L34),M34)="")=TRUE,"","P")))
A35: =IF(AND(G35="",G35=""),"",$D$3&"_"&ROW()-13-COUNTBLANK($G$14:G35)) -> JD_16 | C35: Kiểm tra truyền limit = null/rỗng | D35: Authorization: Bearer <validHrAccessToken> Method: GET URL: http://192.168.1.131:3002/api/job-descriptions Query params: limit= Request body: N/A | E35: curl -X GET "http://192.168.1.131:3002/api/job-descriptions?limit=" ^ -H "Authorization: Bearer <validHrAccessToken>" | F35: 1. Chuẩn bị accessToken theo Data test. 2. Gửi request GET /api/job-descriptions với header và query parameter như Data test. 3. Kiểm tra status code và response body. | G35: 1. Kết quả trả về: - Status code: 200 OK - API thực thi thành công và trả về response như format chung | H35: HIGH | I35: MAJOR | N35: =IF(OR(IF(M35="",IF(L35="",IF(K35="","",K35),L35),M35)="F")=TRUE,"F",IF(OR(IF(M35="",IF(L35="",IF(K35="","",K35),L35),M35)="PE")=TRUE,"PE",IF(AND(IF(M35="",IF(L35="",IF(K35="","",K35),L35),M35)="")=TRUE,"","P")))
A36: =IF(AND(G36="",G36=""),"",$D$3&"_"&ROW()-13-COUNTBLANK($G$14:G36)) -> JD_17 | C36: Kiểm tra truyền limit > 0 | D36: Authorization: Bearer <validHrAccessToken> Method: GET URL: http://192.168.1.131:3002/api/job-descriptions Query params: limit=1 Request body: N/A | E36: curl -X GET "http://192.168.1.131:3002/api/job-descriptions?limit=1" ^ -H "Authorization: Bearer <validHrAccessToken>" | F36: 1. Chuẩn bị accessToken theo Data test. 2. Gửi request GET /api/job-descriptions với header và query parameter như Data test. 3. Kiểm tra status code và response body. | G36: 1. Kết quả trả về: - Status code: 200 OK - API thực thi thành công và trả về response như format chung - MM: số lượng item trong data không vượt quá limit đã truyền | H36: HIGH | I36: MAJOR | N36: =IF(OR(IF(M36="",IF(L36="",IF(K36="","",K36),L36),M36)="F")=TRUE,"F",IF(OR(IF(M36="",IF(L36="",IF(K36="","",K36),L36),M36)="PE")=TRUE,"PE",IF(AND(IF(M36="",IF(L36="",IF(K36="","",K36),L36),M36)="")=TRUE,"","P")))
A37: =IF(AND(G37="",G37=""),"",$D$3&"_"&ROW()-13-COUNTBLANK($G$14:G37)) -> JD_18 | C37: Kiểm tra truyền limit = chuỗi space | D37: Authorization: Bearer <validHrAccessToken> Method: GET URL: http://192.168.1.131:3002/api/job-descriptions Query params: limit= Request body: N/A | E37: curl -X GET "http://192.168.1.131:3002/api/job-descriptions?limit=%20" ^ -H "Authorization: Bearer <validHrAccessToken>" | F37: 1. Chuẩn bị accessToken theo Data test. 2. Gửi request GET /api/job-descriptions với header và query parameter như Data test. 3. Kiểm tra status code và response body. | G37: 1. Kết quả trả về: - Status code: 400 Bad Request - Message: Request payload is invalid | H37: MEDIUM | I37: MAJOR | N37: =IF(OR(IF(M37="",IF(L37="",IF(K37="","",K37),L37),M37)="F")=TRUE,"F",IF(OR(IF(M37="",IF(L37="",IF(K37="","",K37),L37),M37)="PE")=TRUE,"PE",IF(AND(IF(M37="",IF(L37="",IF(K37="","",K37),L37),M37)="")=TRUE,"","P")))
A38: =IF(AND(G38="",G38=""),"",$D$3&"_"&ROW()-13-COUNTBLANK($G$14:G38)) -> JD_19 | C38: Kiểm tra truyền limit = 0 | D38: Authorization: Bearer <validHrAccessToken> Method: GET URL: http://192.168.1.131:3002/api/job-descriptions Query params: limit=0 Request body: N/A | E38: curl -X GET "http://192.168.1.131:3002/api/job-descriptions?limit=0" ^ -H "Authorization: Bearer <validHrAccessToken>" | F38: 1. Chuẩn bị accessToken theo Data test. 2. Gửi request GET /api/job-descriptions với header và query parameter như Data test. 3. Kiểm tra status code và response body. | G38: 1. Kết quả trả về: - Status code: 400 Bad Request - Message: Request payload is invalid | H38: MEDIUM | I38: MAJOR | N38: =IF(OR(IF(M38="",IF(L38="",IF(K38="","",K38),L38),M38)="F")=TRUE,"F",IF(OR(IF(M38="",IF(L38="",IF(K38="","",K38),L38),M38)="PE")=TRUE,"PE",IF(AND(IF(M38="",IF(L38="",IF(K38="","",K38),L38),M38)="")=TRUE,"","P")))
A39: =IF(AND(G39="",G39=""),"",$D$3&"_"&ROW()-13-COUNTBLANK($G$14:G39)) -> JD_20 | C39: Kiểm tra truyền limit = < 0 | D39: Authorization: Bearer <validHrAccessToken> Method: GET URL: http://192.168.1.131:3002/api/job-descriptions Query params: limit=-1 Request body: N/A | E39: curl -X GET "http://192.168.1.131:3002/api/job-descriptions?limit=-1" ^ -H "Authorization: Bearer <validHrAccessToken>" | F39: 1. Chuẩn bị accessToken theo Data test. 2. Gửi request GET /api/job-descriptions với header và query parameter như Data test. 3. Kiểm tra status code và response body. | G39: 1. Kết quả trả về: - Status code: 400 Bad Request - Message: Request payload is invalid | H39: MEDIUM | I39: MAJOR | N39: =IF(OR(IF(M39="",IF(L39="",IF(K39="","",K39),L39),M39)="F")=TRUE,"F",IF(OR(IF(M39="",IF(L39="",IF(K39="","",K39),L39),M39)="PE")=TRUE,"PE",IF(AND(IF(M39="",IF(L39="",IF(K39="","",K39),L39),M39)="")=TRUE,"","P")))
A40: =IF(AND(G40="",G40=""),"",$D$3&"_"&ROW()-13-COUNTBLANK($G$14:G40)) -> JD_21 | C40: Kiểm tra truyền limit = số thực | D40: Authorization: Bearer <validHrAccessToken> Method: GET URL: http://192.168.1.131:3002/api/job-descriptions Query params: limit=1.5 Request body: N/A | E40: curl -X GET "http://192.168.1.131:3002/api/job-descriptions?limit=1.5" ^ -H "Authorization: Bearer <validHrAccessToken>" | F40: 1. Chuẩn bị accessToken theo Data test. 2. Gửi request GET /api/job-descriptions với header và query parameter như Data test. 3. Kiểm tra status code và response body. | G40: 1. Kết quả trả về: - Status code: 400 Bad Request - Message: Request payload is invalid | H40: MEDIUM | I40: MAJOR | N40: =IF(OR(IF(M40="",IF(L40="",IF(K40="","",K40),L40),M40)="F")=TRUE,"F",IF(OR(IF(M40="",IF(L40="",IF(K40="","",K40),L40),M40)="PE")=TRUE,"PE",IF(AND(IF(M40="",IF(L40="",IF(K40="","",K40),L40),M40)="")=TRUE,"","P")))
A41: =IF(AND(G41="",G41=""),"",$D$3&"_"&ROW()-13-COUNTBLANK($G$14:G41)) -> JD_22 | C41: Kiểm tra truyền limit = chữ | D41: Authorization: Bearer <validHrAccessToken> Method: GET URL: http://192.168.1.131:3002/api/job-descriptions Query params: limit=abc Request body: N/A | E41: curl -X GET "http://192.168.1.131:3002/api/job-descriptions?limit=abc" ^ -H "Authorization: Bearer <validHrAccessToken>" | F41: 1. Chuẩn bị accessToken theo Data test. 2. Gửi request GET /api/job-descriptions với header và query parameter như Data test. 3. Kiểm tra status code và response body. | G41: 1. Kết quả trả về: - Status code: 400 Bad Request - Message: Request payload is invalid | H41: MEDIUM | I41: MAJOR | N41: =IF(OR(IF(M41="",IF(L41="",IF(K41="","",K41),L41),M41)="F")=TRUE,"F",IF(OR(IF(M41="",IF(L41="",IF(K41="","",K41),L41),M41)="PE")=TRUE,"PE",IF(AND(IF(M41="",IF(L41="",IF(K41="","",K41),L41),M41)="")=TRUE,"","P")))
A42: =IF(AND(G42="",G42=""),"",$D$3&"_"&ROW()-13-COUNTBLANK($G$14:G42)) -> JD_23 | C42: Kiểm tra truyền limit = ký tự đặc biệt | D42: Authorization: Bearer <validHrAccessToken> Method: GET URL: http://192.168.1.131:3002/api/job-descriptions Query params: limit=@#$ Request body: N/A | E42: curl -X GET "http://192.168.1.131:3002/api/job-descriptions?limit=%40%23%24" ^ -H "Authorization: Bearer <validHrAccessToken>" | F42: 1. Chuẩn bị accessToken theo Data test. 2. Gửi request GET /api/job-descriptions với header và query parameter như Data test. 3. Kiểm tra status code và response body. | G42: 1. Kết quả trả về: - Status code: 400 Bad Request - Message: Request payload is invalid | H42: MEDIUM | I42: MAJOR | N42: =IF(OR(IF(M42="",IF(L42="",IF(K42="","",K42),L42),M42)="F")=TRUE,"F",IF(OR(IF(M42="",IF(L42="",IF(K42="","",K42),L42),M42)="PE")=TRUE,"PE",IF(AND(IF(M42="",IF(L42="",IF(K42="","",K42),L42),M42)="")=TRUE,"","P")))
A43: =IF(AND(G43="",G43=""),"",$D$3&"_"&ROW()-13-COUNTBLANK($G$14:G43)) -> JD_24 | C43: Kiểm tra truyền limit = khác kiểu dữ liệu Int | D43: Authorization: Bearer <validHrAccessToken> Method: GET URL: http://192.168.1.131:3002/api/job-descriptions Query params: limit[]=1 Request body: N/A | E43: curl -X GET "http://192.168.1.131:3002/api/job-descriptions?limit%5B%5D=1" ^ -H "Authorization: Bearer <validHrAccessToken>" | F43: 1. Chuẩn bị accessToken theo Data test. 2. Gửi request GET /api/job-descriptions với header và query parameter như Data test. 3. Kiểm tra status code và response body. | G43: 1. Kết quả trả về: - Status code: 400 Bad Request - Message: Request payload is invalid | H43: MEDIUM | I43: MAJOR | N43: =IF(OR(IF(M43="",IF(L43="",IF(K43="","",K43),L43),M43)="F")=TRUE,"F",IF(OR(IF(M43="",IF(L43="",IF(K43="","",K43),L43),M43)="PE")=TRUE,"PE",IF(AND(IF(M43="",IF(L43="",IF(K43="","",K43),L43),M43)="")=TRUE,"","P")))
A44: =IF(AND(G44="",G44=""),"",$D$3&"_"&ROW()-13-COUNTBLANK($G$14:G44)) | B44: Kiểm tra trường search
A45: =IF(AND(G45="",G45=""),"",$D$3&"_"&ROW()-13-COUNTBLANK($G$14:G45)) -> JD_25 | B45: Kiểm tra trường search | C45: Kiểm tra không truyền search | D45: Authorization: Bearer <validHrAccessToken> Method: GET URL: http://192.168.1.131:3002/api/job-descriptions Query params: N/A Request body: N/A | E45: curl -X GET "http://192.168.1.131:3002/api/job-descriptions" ^ -H "Authorization: Bearer <validHrAccessToken>" | F45: 1. Chuẩn bị accessToken theo Data test. 2. Gửi request GET /api/job-descriptions với header và query parameter như Data test. 3. Kiểm tra status code và response body. | G45: 1. Kết quả trả về: - Status code: 200 OK - API thực thi thành công và trả về response như format chung | H45: HIGH | I45: MAJOR | N45: =IF(OR(IF(M45="",IF(L45="",IF(K45="","",K45),L45),M45)="F")=TRUE,"F",IF(OR(IF(M45="",IF(L45="",IF(K45="","",K45),L45),M45)="PE")=TRUE,"PE",IF(AND(IF(M45="",IF(L45="",IF(K45="","",K45),L45),M45)="")=TRUE,"","P")))
A46: =IF(AND(G46="",G46=""),"",$D$3&"_"&ROW()-13-COUNTBLANK($G$14:G46)) -> JD_26 | C46: Kiểm tra truyền search = null/rỗng | D46: Authorization: Bearer <validHrAccessToken> Method: GET URL: http://192.168.1.131:3002/api/job-descriptions Query params: search= Request body: N/A | E46: curl -X GET "http://192.168.1.131:3002/api/job-descriptions?search=" ^ -H "Authorization: Bearer <validHrAccessToken>" | F46: 1. Chuẩn bị accessToken theo Data test. 2. Gửi request GET /api/job-descriptions với header và query parameter như Data test. 3. Kiểm tra status code và response body. | G46: 1. Kết quả trả về: - Status code: 200 OK - API thực thi thành công và trả về response như format chung | H46: HIGH | I46: MAJOR | N46: =IF(OR(IF(M46="",IF(L46="",IF(K46="","",K46),L46),M46)="F")=TRUE,"F",IF(OR(IF(M46="",IF(L46="",IF(K46="","",K46),L46),M46)="PE")=TRUE,"PE",IF(AND(IF(M46="",IF(L46="",IF(K46="","",K46),L46),M46)="")=TRUE,"","P")))
A47: =IF(AND(G47="",G47=""),"",$D$3&"_"&ROW()-13-COUNTBLANK($G$14:G47)) -> JD_27 | C47: Kiểm tra truyền search = chuỗi space | D47: Authorization: Bearer <validHrAccessToken> Method: GET URL: http://192.168.1.131:3002/api/job-descriptions Query params: search= Request body: N/A | E47: curl -X GET "http://192.168.1.131:3002/api/job-descriptions?search=%20" ^ -H "Authorization: Bearer <validHrAccessToken>" | F47: 1. Chuẩn bị accessToken theo Data test. 2. Gửi request GET /api/job-descriptions với header và query parameter như Data test. 3. Kiểm tra status code và response body. | G47: 1. Kết quả trả về: - Status code: 400 Bad Request - Message: Request payload is invalid | H47: MEDIUM | I47: MAJOR | N47: =IF(OR(IF(M47="",IF(L47="",IF(K47="","",K47),L47),M47)="F")=TRUE,"F",IF(OR(IF(M47="",IF(L47="",IF(K47="","",K47),L47),M47)="PE")=TRUE,"PE",IF(AND(IF(M47="",IF(L47="",IF(K47="","",K47),L47),M47)="")=TRUE,"","P")))
A48: =IF(AND(G48="",G48=""),"",$D$3&"_"&ROW()-13-COUNTBLANK($G$14:G48)) -> JD_28 | C48: Kiểm tra truyền search = từ khóa khớp với title | D48: Authorization: Bearer <validHrAccessToken> Method: GET URL: http://192.168.1.131:3002/api/job-descriptions Query params: search=Backend Request body: N/A | E48: curl -X GET "http://192.168.1.131:3002/api/job-descriptions?search=Backend" ^ -H "Authorization: Bearer <validHrAccessToken>" | F48: 1. Chuẩn bị accessToken theo Data test. 2. Gửi request GET /api/job-descriptions với header và query parameter như Data test. 3. Kiểm tra status code và response body. | G48: 1. Kết quả trả về: - Status code: 200 OK - API thực thi thành công và trả về response như format chung - MM: data trả về có title khớp với từ khóa search | H48: HIGH | I48: MAJOR | N48: =IF(OR(IF(M48="",IF(L48="",IF(K48="","",K48),L48),M48)="F")=TRUE,"F",IF(OR(IF(M48="",IF(L48="",IF(K48="","",K48),L48),M48)="PE")=TRUE,"PE",IF(AND(IF(M48="",IF(L48="",IF(K48="","",K48),L48),M48)="")=TRUE,"","P")))
A49: =IF(AND(G49="",G49=""),"",$D$3&"_"&ROW()-13-COUNTBLANK($G$14:G49)) -> JD_29 | C49: Kiểm tra truyền search = từ khóa khớp với summary | D49: Authorization: Bearer <validHrAccessToken> Method: GET URL: http://192.168.1.131:3002/api/job-descriptions Query params: search=REST Request body: N/A | E49: curl -X GET "http://192.168.1.131:3002/api/job-descriptions?search=REST" ^ -H "Authorization: Bearer <validHrAccessToken>" | F49: 1. Chuẩn bị accessToken theo Data test. 2. Gửi request GET /api/job-descriptions với header và query parameter như Data test. 3. Kiểm tra status code và response body. | G49: 1. Kết quả trả về: - Status code: 200 OK - API thực thi thành công và trả về response như format chung - MM: data trả về có summary khớp với từ khóa search | H49: HIGH | I49: MAJOR | N49: =IF(OR(IF(M49="",IF(L49="",IF(K49="","",K49),L49),M49)="F")=TRUE,"F",IF(OR(IF(M49="",IF(L49="",IF(K49="","",K49),L49),M49)="PE")=TRUE,"PE",IF(AND(IF(M49="",IF(L49="",IF(K49="","",K49),L49),M49)="")=TRUE,"","P")))
A50: =IF(AND(G50="",G50=""),"",$D$3&"_"&ROW()-13-COUNTBLANK($G$14:G50)) -> JD_30 | C50: Kiểm tra truyền search = từ khóa khớp với description | D50: Authorization: Bearer <validHrAccessToken> Method: GET URL: http://192.168.1.131:3002/api/job-descriptions Query params: search=NodeJS Request body: N/A | E50: curl -X GET "http://192.168.1.131:3002/api/job-descriptions?search=NodeJS" ^ -H "Authorization: Bearer <validHrAccessToken>" | F50: 1. Chuẩn bị accessToken theo Data test. 2. Gửi request GET /api/job-descriptions với header và query parameter như Data test. 3. Kiểm tra status code và response body. | G50: 1. Kết quả trả về: - Status code: 200 OK - API thực thi thành công và trả về response như format chung - MM: data trả về có description khớp với từ khóa search | H50: HIGH | I50: MAJOR | N50: =IF(OR(IF(M50="",IF(L50="",IF(K50="","",K50),L50),M50)="F")=TRUE,"F",IF(OR(IF(M50="",IF(L50="",IF(K50="","",K50),L50),M50)="PE")=TRUE,"PE",IF(AND(IF(M50="",IF(L50="",IF(K50="","",K50),L50),M50)="")=TRUE,"","P")))
A51: =IF(AND(G51="",G51=""),"",$D$3&"_"&ROW()-13-COUNTBLANK($G$14:G51)) -> JD_31 | C51: Kiểm tra truyền search = từ khóa khớp với salary | D51: Authorization: Bearer <validHrAccessToken> Method: GET URL: http://192.168.1.131:3002/api/job-descriptions Query params: search=2000 Request body: N/A | E51: curl -X GET "http://192.168.1.131:3002/api/job-descriptions?search=2000" ^ -H "Authorization: Bearer <validHrAccessToken>" | F51: 1. Chuẩn bị accessToken theo Data test. 2. Gửi request GET /api/job-descriptions với header và query parameter như Data test. 3. Kiểm tra status code và response body. | G51: 1. Kết quả trả về: - Status code: 200 OK - API thực thi thành công và trả về response như format chung - MM: data trả về có salary khớp với từ khóa search | H51: HIGH | I51: MAJOR | N51: =IF(OR(IF(M51="",IF(L51="",IF(K51="","",K51),L51),M51)="F")=TRUE,"F",IF(OR(IF(M51="",IF(L51="",IF(K51="","",K51),L51),M51)="PE")=TRUE,"PE",IF(AND(IF(M51="",IF(L51="",IF(K51="","",K51),L51),M51)="")=TRUE,"","P")))
A52: =IF(AND(G52="",G52=""),"",$D$3&"_"&ROW()-13-COUNTBLANK($G$14:G52)) -> JD_32 | C52: Kiểm tra truyền search = từ khóa khớp với department | D52: Authorization: Bearer <validHrAccessToken> Method: GET URL: http://192.168.1.131:3002/api/job-descriptions Query params: search=Engineering Request body: N/A | E52: curl -X GET "http://192.168.1.131:3002/api/job-descriptions?search=Engineering" ^ -H "Authorization: Bearer <validHrAccessToken>" | F52: 1. Chuẩn bị accessToken theo Data test. 2. Gửi request GET /api/job-descriptions với header và query parameter như Data test. 3. Kiểm tra status code và response body. | G52: 1. Kết quả trả về: - Status code: 200 OK - API thực thi thành công và trả về response như format chung - MM: data trả về có department khớp với từ khóa search | H52: HIGH | I52: MAJOR | N52: =IF(OR(IF(M52="",IF(L52="",IF(K52="","",K52),L52),M52)="F")=TRUE,"F",IF(OR(IF(M52="",IF(L52="",IF(K52="","",K52),L52),M52)="PE")=TRUE,"PE",IF(AND(IF(M52="",IF(L52="",IF(K52="","",K52),L52),M52)="")=TRUE,"","P")))
A53: =IF(AND(G53="",G53=""),"",$D$3&"_"&ROW()-13-COUNTBLANK($G$14:G53)) -> JD_33 | C53: Kiểm tra truyền search không tồn tại | D53: Authorization: Bearer <validHrAccessToken> Method: GET URL: http://192.168.1.131:3002/api/job-descriptions Query params: search=keyword_khong_ton_tai_999 Request body: N/A | E53: curl -X GET "http://192.168.1.131:3002/api/job-descriptions?search=keyword_khong_ton_tai_999" ^ -H "Authorization: Bearer <validHrAccessToken>" | F53: 1. Chuẩn bị accessToken theo Data test. 2. Gửi request GET /api/job-descriptions với header và query parameter như Data test. 3. Kiểm tra status code và response body. | G53: 1. Kết quả trả về: - Status code: 200 OK - API thực thi thành công và trả về response như format chung - MM: data = rỗng | H53: HIGH | I53: MAJOR | N53: =IF(OR(IF(M53="",IF(L53="",IF(K53="","",K53),L53),M53)="F")=TRUE,"F",IF(OR(IF(M53="",IF(L53="",IF(K53="","",K53),L53),M53)="PE")=TRUE,"PE",IF(AND(IF(M53="",IF(L53="",IF(K53="","",K53),L53),M53)="")=TRUE,"","P"))) | P53: Theo ghi chú vàng trong Test Design: không tồn tại thì trả ra rỗng.
A54: =IF(AND(G54="",G54=""),"",$D$3&"_"&ROW()-13-COUNTBLANK($G$14:G54)) -> JD_34 | C54: Kiểm tra truyền search khác kiểu dữ liệu String | D54: Authorization: Bearer <validHrAccessToken> Method: GET URL: http://192.168.1.131:3002/api/job-descriptions Query params: search[]=Backend Request body: N/A | E54: curl -X GET "http://192.168.1.131:3002/api/job-descriptions?search%5B%5D=Backend" ^ -H "Authorization: Bearer <validHrAccessToken>" | F54: 1. Chuẩn bị accessToken theo Data test. 2. Gửi request GET /api/job-descriptions với header và query parameter như Data test. 3. Kiểm tra status code và response body. | G54: 1. Kết quả trả về: - Status code: 400 Bad Request - Message: Request payload is invalid | H54: MEDIUM | I54: MAJOR | N54: =IF(OR(IF(M54="",IF(L54="",IF(K54="","",K54),L54),M54)="F")=TRUE,"F",IF(OR(IF(M54="",IF(L54="",IF(K54="","",K54),L54),M54)="PE")=TRUE,"PE",IF(AND(IF(M54="",IF(L54="",IF(K54="","",K54),L54),M54)="")=TRUE,"","P")))
A55: =IF(AND(G55="",G55=""),"",$D$3&"_"&ROW()-13-COUNTBLANK($G$14:G55)) | B55: Kiểm tra trường sourceSystem
A56: =IF(AND(G56="",G56=""),"",$D$3&"_"&ROW()-13-COUNTBLANK($G$14:G56)) -> JD_35 | B56: Kiểm tra trường sourceSystem | C56: Kiểm tra không truyền sourceSystem | D56: Authorization: Bearer <validHrAccessToken> Method: GET URL: http://192.168.1.131:3002/api/job-descriptions Query params: N/A Request body: N/A | E56: curl -X GET "http://192.168.1.131:3002/api/job-descriptions" ^ -H "Authorization: Bearer <validHrAccessToken>" | F56: 1. Chuẩn bị accessToken theo Data test. 2. Gửi request GET /api/job-descriptions với header và query parameter như Data test. 3. Kiểm tra status code và response body. | G56: 1. Kết quả trả về: - Status code: 200 OK - API thực thi thành công và trả về response như format chung | H56: HIGH | I56: MAJOR | N56: =IF(OR(IF(M56="",IF(L56="",IF(K56="","",K56),L56),M56)="F")=TRUE,"F",IF(OR(IF(M56="",IF(L56="",IF(K56="","",K56),L56),M56)="PE")=TRUE,"PE",IF(AND(IF(M56="",IF(L56="",IF(K56="","",K56),L56),M56)="")=TRUE,"","P")))
A57: =IF(AND(G57="",G57=""),"",$D$3&"_"&ROW()-13-COUNTBLANK($G$14:G57)) -> JD_36 | C57: Kiểm tra truyền sourceSystem = null/rỗng | D57: Authorization: Bearer <validHrAccessToken> Method: GET URL: http://192.168.1.131:3002/api/job-descriptions Query params: sourceSystem= Request body: N/A | E57: curl -X GET "http://192.168.1.131:3002/api/job-descriptions?sourceSystem=" ^ -H "Authorization: Bearer <validHrAccessToken>" | F57: 1. Chuẩn bị accessToken theo Data test. 2. Gửi request GET /api/job-descriptions với header và query parameter như Data test. 3. Kiểm tra status code và response body. | G57: 1. Kết quả trả về: - Status code: 200 OK - API thực thi thành công và trả về response như format chung | H57: HIGH | I57: MAJOR | N57: =IF(OR(IF(M57="",IF(L57="",IF(K57="","",K57),L57),M57)="F")=TRUE,"F",IF(OR(IF(M57="",IF(L57="",IF(K57="","",K57),L57),M57)="PE")=TRUE,"PE",IF(AND(IF(M57="",IF(L57="",IF(K57="","",K57),L57),M57)="")=TRUE,"","P")))
A58: =IF(AND(G58="",G58=""),"",$D$3&"_"&ROW()-13-COUNTBLANK($G$14:G58)) -> JD_37 | C58: Kiểm tra truyền sourceSystem = chuỗi space | D58: Authorization: Bearer <validHrAccessToken> Method: GET URL: http://192.168.1.131:3002/api/job-descriptions Query params: sourceSystem= Request body: N/A | E58: curl -X GET "http://192.168.1.131:3002/api/job-descriptions?sourceSystem=%20" ^ -H "Authorization: Bearer <validHrAccessToken>" | F58: 1. Chuẩn bị accessToken theo Data test. 2. Gửi request GET /api/job-descriptions với header và query parameter như Data test. 3. Kiểm tra status code và response body. | G58: 1. Kết quả trả về: - Status code: 400 Bad Request - Message: Request payload is invalid | H58: MEDIUM | I58: MAJOR | N58: =IF(OR(IF(M58="",IF(L58="",IF(K58="","",K58),L58),M58)="F")=TRUE,"F",IF(OR(IF(M58="",IF(L58="",IF(K58="","",K58),L58),M58)="PE")=TRUE,"PE",IF(AND(IF(M58="",IF(L58="",IF(K58="","",K58),L58),M58)="")=TRUE,"","P")))
A59: =IF(AND(G59="",G59=""),"",$D$3&"_"&ROW()-13-COUNTBLANK($G$14:G59)) -> JD_38 | C59: Kiểm tra truyền sourceSystem = VCS_Portal | D59: Authorization: Bearer <validHrAccessToken> Method: GET URL: http://192.168.1.131:3002/api/job-descriptions Query params: sourceSystem=VCS_Portal Request body: N/A | E59: curl -X GET "http://192.168.1.131:3002/api/job-descriptions?sourceSystem=VCS_Portal" ^ -H "Authorization: Bearer <validHrAccessToken>" | F59: 1. Chuẩn bị accessToken theo Data test. 2. Gửi request GET /api/job-descriptions với header và query parameter như Data test. 3. Kiểm tra status code và response body. | G59: 1. Kết quả trả về: - Status code: 200 OK - API thực thi thành công và trả về response như format chung - MM: data trả về thỏa sourceSystem = VCS_Portal | H59: HIGH | I59: MAJOR | N59: =IF(OR(IF(M59="",IF(L59="",IF(K59="","",K59),L59),M59)="F")=TRUE,"F",IF(OR(IF(M59="",IF(L59="",IF(K59="","",K59),L59),M59)="PE")=TRUE,"PE",IF(AND(IF(M59="",IF(L59="",IF(K59="","",K59),L59),M59)="")=TRUE,"","P")))
A60: =IF(AND(G60="",G60=""),"",$D$3&"_"&ROW()-13-COUNTBLANK($G$14:G60)) -> JD_39 | C60: Kiểm tra truyền sourceSystem khác VCS_Portal | D60: Authorization: Bearer <validHrAccessToken> Method: GET URL: http://192.168.1.131:3002/api/job-descriptions Query params: sourceSystem=OTHER_SYSTEM Request body: N/A | E60: curl -X GET "http://192.168.1.131:3002/api/job-descriptions?sourceSystem=OTHER_SYSTEM" ^ -H "Authorization: Bearer <validHrAccessToken>" | F60: 1. Chuẩn bị accessToken theo Data test. 2. Gửi request GET /api/job-descriptions với header và query parameter như Data test. 3. Kiểm tra status code và response body. | G60: 1. Kết quả trả về: - Status code: 400 Bad Request - Message: Request payload is invalid | H60: MEDIUM | I60: MAJOR | N60: =IF(OR(IF(M60="",IF(L60="",IF(K60="","",K60),L60),M60)="F")=TRUE,"F",IF(OR(IF(M60="",IF(L60="",IF(K60="","",K60),L60),M60)="PE")=TRUE,"PE",IF(AND(IF(M60="",IF(L60="",IF(K60="","",K60),L60),M60)="")=TRUE,"","P")))
A61: =IF(AND(G61="",G61=""),"",$D$3&"_"&ROW()-13-COUNTBLANK($G$14:G61)) -> JD_40 | C61: Kiểm tra truyền sourceSystem khác kiểu dữ liệu String | D61: Authorization: Bearer <validHrAccessToken> Method: GET URL: http://192.168.1.131:3002/api/job-descriptions Query params: sourceSystem[]=VCS_Portal Request body: N/A | E61: curl -X GET "http://192.168.1.131:3002/api/job-descriptions?sourceSystem%5B%5D=VCS_Portal" ^ -H "Authorization: Bearer <validHrAccessToken>" | F61: 1. Chuẩn bị accessToken theo Data test. 2. Gửi request GET /api/job-descriptions với header và query parameter như Data test. 3. Kiểm tra status code và response body. | G61: 1. Kết quả trả về: - Status code: 400 Bad Request - Message: Request payload is invalid | H61: MEDIUM | I61: MAJOR | N61: =IF(OR(IF(M61="",IF(L61="",IF(K61="","",K61),L61),M61)="F")=TRUE,"F",IF(OR(IF(M61="",IF(L61="",IF(K61="","",K61),L61),M61)="PE")=TRUE,"PE",IF(AND(IF(M61="",IF(L61="",IF(K61="","",K61),L61),M61)="")=TRUE,"","P")))
A62: =IF(AND(G62="",G62=""),"",$D$3&"_"&ROW()-13-COUNTBLANK($G$14:G62)) | B62: Kiểm tra trường status
A63: =IF(AND(G63="",G63=""),"",$D$3&"_"&ROW()-13-COUNTBLANK($G$14:G63)) -> JD_41 | B63: Kiểm tra trường status | C63: Kiểm tra không truyền status | D63: Authorization: Bearer <validHrAccessToken> Method: GET URL: http://192.168.1.131:3002/api/job-descriptions Query params: N/A Request body: N/A | E63: curl -X GET "http://192.168.1.131:3002/api/job-descriptions" ^ -H "Authorization: Bearer <validHrAccessToken>" | F63: 1. Chuẩn bị accessToken theo Data test. 2. Gửi request GET /api/job-descriptions với header và query parameter như Data test. 3. Kiểm tra status code và response body. | G63: 1. Kết quả trả về: - Status code: 200 OK - API thực thi thành công và trả về response như format chung | H63: HIGH | I63: MAJOR | N63: =IF(OR(IF(M63="",IF(L63="",IF(K63="","",K63),L63),M63)="F")=TRUE,"F",IF(OR(IF(M63="",IF(L63="",IF(K63="","",K63),L63),M63)="PE")=TRUE,"PE",IF(AND(IF(M63="",IF(L63="",IF(K63="","",K63),L63),M63)="")=TRUE,"","P")))
A64: =IF(AND(G64="",G64=""),"",$D$3&"_"&ROW()-13-COUNTBLANK($G$14:G64)) -> JD_42 | C64: Kiểm tra truyền status = null/rỗng | D64: Authorization: Bearer <validHrAccessToken> Method: GET URL: http://192.168.1.131:3002/api/job-descriptions Query params: status= Request body: N/A | E64: curl -X GET "http://192.168.1.131:3002/api/job-descriptions?status=" ^ -H "Authorization: Bearer <validHrAccessToken>" | F64: 1. Chuẩn bị accessToken theo Data test. 2. Gửi request GET /api/job-descriptions với header và query parameter như Data test. 3. Kiểm tra status code và response body. | G64: 1. Kết quả trả về: - Status code: 200 OK - API thực thi thành công và trả về response như format chung | H64: HIGH | I64: MAJOR | N64: =IF(OR(IF(M64="",IF(L64="",IF(K64="","",K64),L64),M64)="F")=TRUE,"F",IF(OR(IF(M64="",IF(L64="",IF(K64="","",K64),L64),M64)="PE")=TRUE,"PE",IF(AND(IF(M64="",IF(L64="",IF(K64="","",K64),L64),M64)="")=TRUE,"","P")))
A65: =IF(AND(G65="",G65=""),"",$D$3&"_"&ROW()-13-COUNTBLANK($G$14:G65)) -> JD_43 | C65: Kiểm tra truyền status = chuỗi space | D65: Authorization: Bearer <validHrAccessToken> Method: GET URL: http://192.168.1.131:3002/api/job-descriptions Query params: status= Request body: N/A | E65: curl -X GET "http://192.168.1.131:3002/api/job-descriptions?status=%20" ^ -H "Authorization: Bearer <validHrAccessToken>" | F65: 1. Chuẩn bị accessToken theo Data test. 2. Gửi request GET /api/job-descriptions với header và query parameter như Data test. 3. Kiểm tra status code và response body. | G65: 1. Kết quả trả về: - Status code: 400 Bad Request - Message: Request payload is invalid | H65: MEDIUM | I65: MAJOR | N65: =IF(OR(IF(M65="",IF(L65="",IF(K65="","",K65),L65),M65)="F")=TRUE,"F",IF(OR(IF(M65="",IF(L65="",IF(K65="","",K65),L65),M65)="PE")=TRUE,"PE",IF(AND(IF(M65="",IF(L65="",IF(K65="","",K65),L65),M65)="")=TRUE,"","P")))
A66: =IF(AND(G66="",G66=""),"",$D$3&"_"&ROW()-13-COUNTBLANK($G$14:G66)) -> JD_44 | C66: Kiểm tra truyền status = ACTIVE | D66: Authorization: Bearer <validHrAccessToken> Method: GET URL: http://192.168.1.131:3002/api/job-descriptions Query params: status=ACTIVE Request body: N/A | E66: curl -X GET "http://192.168.1.131:3002/api/job-descriptions?status=ACTIVE" ^ -H "Authorization: Bearer <validHrAccessToken>" | F66: 1. Chuẩn bị accessToken theo Data test. 2. Gửi request GET /api/job-descriptions với header và query parameter như Data test. 3. Kiểm tra status code và response body. | G66: 1. Kết quả trả về: - Status code: 200 OK - API thực thi thành công và trả về response như format chung - MM: data trả về có status = ACTIVE | H66: HIGH | I66: MAJOR | N66: =IF(OR(IF(M66="",IF(L66="",IF(K66="","",K66),L66),M66)="F")=TRUE,"F",IF(OR(IF(M66="",IF(L66="",IF(K66="","",K66),L66),M66)="PE")=TRUE,"PE",IF(AND(IF(M66="",IF(L66="",IF(K66="","",K66),L66),M66)="")=TRUE,"","P")))
A67: =IF(AND(G67="",G67=""),"",$D$3&"_"&ROW()-13-COUNTBLANK($G$14:G67)) -> JD_45 | C67: Kiểm tra truyền status = DRAFT | D67: Authorization: Bearer <validHrAccessToken> Method: GET URL: http://192.168.1.131:3002/api/job-descriptions Query params: status=DRAFT Request body: N/A | E67: curl -X GET "http://192.168.1.131:3002/api/job-descriptions?status=DRAFT" ^ -H "Authorization: Bearer <validHrAccessToken>" | F67: 1. Chuẩn bị accessToken theo Data test. 2. Gửi request GET /api/job-descriptions với header và query parameter như Data test. 3. Kiểm tra status code và response body. | G67: 1. Kết quả trả về: - Status code: 200 OK - API thực thi thành công và trả về response như format chung - MM: data trả về có status = DRAFT | H67: HIGH | I67: MAJOR | N67: =IF(OR(IF(M67="",IF(L67="",IF(K67="","",K67),L67),M67)="F")=TRUE,"F",IF(OR(IF(M67="",IF(L67="",IF(K67="","",K67),L67),M67)="PE")=TRUE,"PE",IF(AND(IF(M67="",IF(L67="",IF(K67="","",K67),L67),M67)="")=TRUE,"","P")))
A68: =IF(AND(G68="",G68=""),"",$D$3&"_"&ROW()-13-COUNTBLANK($G$14:G68)) -> JD_46 | C68: Kiểm tra truyền status = ARCHIVED | D68: Authorization: Bearer <validHrAccessToken> Method: GET URL: http://192.168.1.131:3002/api/job-descriptions Query params: status=ARCHIVED Request body: N/A | E68: curl -X GET "http://192.168.1.131:3002/api/job-descriptions?status=ARCHIVED" ^ -H "Authorization: Bearer <validHrAccessToken>" | F68: 1. Chuẩn bị accessToken theo Data test. 2. Gửi request GET /api/job-descriptions với header và query parameter như Data test. 3. Kiểm tra status code và response body. | G68: 1. Kết quả trả về: - Status code: 200 OK - API thực thi thành công và trả về response như format chung - MM: data trả về có status = ARCHIVED | H68: HIGH | I68: MAJOR | N68: =IF(OR(IF(M68="",IF(L68="",IF(K68="","",K68),L68),M68)="F")=TRUE,"F",IF(OR(IF(M68="",IF(L68="",IF(K68="","",K68),L68),M68)="PE")=TRUE,"PE",IF(AND(IF(M68="",IF(L68="",IF(K68="","",K68),L68),M68)="")=TRUE,"","P")))
A69: =IF(AND(G69="",G69=""),"",$D$3&"_"&ROW()-13-COUNTBLANK($G$14:G69)) -> JD_47 | C69: Kiểm tra truyền status = ACTIVE/DRAFT/ARCHIVED ở dạng chữ thường/chữ hoa thường | D69: Authorization: Bearer <validHrAccessToken> Method: GET URL: http://192.168.1.131:3002/api/job-descriptions Query params: status=active Request body: N/A | E69: curl -X GET "http://192.168.1.131:3002/api/job-descriptions?status=active" ^ -H "Authorization: Bearer <validHrAccessToken>" | F69: 1. Chuẩn bị accessToken theo Data test. 2. Gửi request GET /api/job-descriptions với header và query parameter như Data test. 3. Kiểm tra status code và response body. | G69: 1. Kết quả trả về: - Status code: 400 Bad Request - Message: Request payload is invalid | H69: MEDIUM | I69: MAJOR | N69: =IF(OR(IF(M69="",IF(L69="",IF(K69="","",K69),L69),M69)="F")=TRUE,"F",IF(OR(IF(M69="",IF(L69="",IF(K69="","",K69),L69),M69)="PE")=TRUE,"PE",IF(AND(IF(M69="",IF(L69="",IF(K69="","",K69),L69),M69)="")=TRUE,"","P"))) | P69: Theo ghi chú vàng trong Test Design: gộp các biến thể casing của ACTIVE/DRAFT/ARCHIVED thành 1 case invalid.
A70: =IF(AND(G70="",G70=""),"",$D$3&"_"&ROW()-13-COUNTBLANK($G$14:G70)) -> JD_48 | C70: Kiểm tra truyền status khác ACTIVE, DRAFT, ARCHIVED | D70: Authorization: Bearer <validHrAccessToken> Method: GET URL: http://192.168.1.131:3002/api/job-descriptions Query params: status=CLOSED Request body: N/A | E70: curl -X GET "http://192.168.1.131:3002/api/job-descriptions?status=CLOSED" ^ -H "Authorization: Bearer <validHrAccessToken>" | F70: 1. Chuẩn bị accessToken theo Data test. 2. Gửi request GET /api/job-descriptions với header và query parameter như Data test. 3. Kiểm tra status code và response body. | G70: 1. Kết quả trả về: - Status code: 400 Bad Request - Message: Request payload is invalid | H70: MEDIUM | I70: MAJOR | N70: =IF(OR(IF(M70="",IF(L70="",IF(K70="","",K70),L70),M70)="F")=TRUE,"F",IF(OR(IF(M70="",IF(L70="",IF(K70="","",K70),L70),M70)="PE")=TRUE,"PE",IF(AND(IF(M70="",IF(L70="",IF(K70="","",K70),L70),M70)="")=TRUE,"","P")))
A71: =IF(AND(G71="",G71=""),"",$D$3&"_"&ROW()-13-COUNTBLANK($G$14:G71)) -> JD_49 | C71: Kiểm tra truyền status khác kiểu dữ liệu String | D71: Authorization: Bearer <validHrAccessToken> Method: GET URL: http://192.168.1.131:3002/api/job-descriptions Query params: status[]=ACTIVE Request body: N/A | E71: curl -X GET "http://192.168.1.131:3002/api/job-descriptions?status%5B%5D=ACTIVE" ^ -H "Authorization: Bearer <validHrAccessToken>" | F71: 1. Chuẩn bị accessToken theo Data test. 2. Gửi request GET /api/job-descriptions với header và query parameter như Data test. 3. Kiểm tra status code và response body. | G71: 1. Kết quả trả về: - Status code: 400 Bad Request - Message: Request payload is invalid | H71: MEDIUM | I71: MAJOR | N71: =IF(OR(IF(M71="",IF(L71="",IF(K71="","",K71),L71),M71)="F")=TRUE,"F",IF(OR(IF(M71="",IF(L71="",IF(K71="","",K71),L71),M71)="PE")=TRUE,"PE",IF(AND(IF(M71="",IF(L71="",IF(K71="","",K71),L71),M71)="")=TRUE,"","P")))
A72: =IF(AND(G72="",G72=""),"",$D$3&"_"&ROW()-13-COUNTBLANK($G$14:G72)) | B72: Kiểm tra trường latestSyncedOnly
A73: =IF(AND(G73="",G73=""),"",$D$3&"_"&ROW()-13-COUNTBLANK($G$14:G73)) -> JD_50 | B73: Kiểm tra trường latestSyncedOnly | C73: Kiểm tra không truyền latestSyncedOnly | D73: Authorization: Bearer <validHrAccessToken> Method: GET URL: http://192.168.1.131:3002/api/job-descriptions Query params: N/A Request body: N/A | E73: curl -X GET "http://192.168.1.131:3002/api/job-descriptions" ^ -H "Authorization: Bearer <validHrAccessToken>" | F73: 1. Chuẩn bị accessToken theo Data test. 2. Gửi request GET /api/job-descriptions với header và query parameter như Data test. 3. Kiểm tra status code và response body. | G73: 1. Kết quả trả về: - Status code: 200 OK - API thực thi thành công và trả về response như format chung | H73: HIGH | I73: MAJOR | N73: =IF(OR(IF(M73="",IF(L73="",IF(K73="","",K73),L73),M73)="F")=TRUE,"F",IF(OR(IF(M73="",IF(L73="",IF(K73="","",K73),L73),M73)="PE")=TRUE,"PE",IF(AND(IF(M73="",IF(L73="",IF(K73="","",K73),L73),M73)="")=TRUE,"","P")))
A74: =IF(AND(G74="",G74=""),"",$D$3&"_"&ROW()-13-COUNTBLANK($G$14:G74)) -> JD_51 | C74: Kiểm tra truyền latestSyncedOnly = null/rỗng | D74: Authorization: Bearer <validHrAccessToken> Method: GET URL: http://192.168.1.131:3002/api/job-descriptions Query params: latestSyncedOnly= Request body: N/A | E74: curl -X GET "http://192.168.1.131:3002/api/job-descriptions?latestSyncedOnly=" ^ -H "Authorization: Bearer <validHrAccessToken>" | F74: 1. Chuẩn bị accessToken theo Data test. 2. Gửi request GET /api/job-descriptions với header và query parameter như Data test. 3. Kiểm tra status code và response body. | G74: 1. Kết quả trả về: - Status code: 200 OK - API thực thi thành công và trả về response như format chung | H74: HIGH | I74: MAJOR | N74: =IF(OR(IF(M74="",IF(L74="",IF(K74="","",K74),L74),M74)="F")=TRUE,"F",IF(OR(IF(M74="",IF(L74="",IF(K74="","",K74),L74),M74)="PE")=TRUE,"PE",IF(AND(IF(M74="",IF(L74="",IF(K74="","",K74),L74),M74)="")=TRUE,"","P")))
A75: =IF(AND(G75="",G75=""),"",$D$3&"_"&ROW()-13-COUNTBLANK($G$14:G75)) -> JD_52 | C75: Kiểm tra truyền latestSyncedOnly = chuỗi space | D75: Authorization: Bearer <validHrAccessToken> Method: GET URL: http://192.168.1.131:3002/api/job-descriptions Query params: latestSyncedOnly= Request body: N/A | E75: curl -X GET "http://192.168.1.131:3002/api/job-descriptions?latestSyncedOnly=%20" ^ -H "Authorization: Bearer <validHrAccessToken>" | F75: 1. Chuẩn bị accessToken theo Data test. 2. Gửi request GET /api/job-descriptions với header và query parameter như Data test. 3. Kiểm tra status code và response body. | G75: 1. Kết quả trả về: - Status code: 400 Bad Request - Message: Request payload is invalid | H75: MEDIUM | I75: MAJOR | N75: =IF(OR(IF(M75="",IF(L75="",IF(K75="","",K75),L75),M75)="F")=TRUE,"F",IF(OR(IF(M75="",IF(L75="",IF(K75="","",K75),L75),M75)="PE")=TRUE,"PE",IF(AND(IF(M75="",IF(L75="",IF(K75="","",K75),L75),M75)="")=TRUE,"","P")))
A76: =IF(AND(G76="",G76=""),"",$D$3&"_"&ROW()-13-COUNTBLANK($G$14:G76)) -> JD_53 | C76: Kiểm tra truyền latestSyncedOnly = true | D76: Authorization: Bearer <validHrAccessToken> Method: GET URL: http://192.168.1.131:3002/api/job-descriptions Query params: latestSyncedOnly=true Request body: N/A | E76: curl -X GET "http://192.168.1.131:3002/api/job-descriptions?latestSyncedOnly=true" ^ -H "Authorization: Bearer <validHrAccessToken>" | F76: 1. Chuẩn bị accessToken theo Data test. 2. Gửi request GET /api/job-descriptions với header và query parameter như Data test. 3. Kiểm tra status code và response body. | G76: 1. Kết quả trả về: - Status code: 200 OK - API thực thi thành công và trả về response như format chung - MM: data trả về theo điều kiện latestSyncedOnly = true | H76: HIGH | I76: MAJOR | N76: =IF(OR(IF(M76="",IF(L76="",IF(K76="","",K76),L76),M76)="F")=TRUE,"F",IF(OR(IF(M76="",IF(L76="",IF(K76="","",K76),L76),M76)="PE")=TRUE,"PE",IF(AND(IF(M76="",IF(L76="",IF(K76="","",K76),L76),M76)="")=TRUE,"","P")))
A77: =IF(AND(G77="",G77=""),"",$D$3&"_"&ROW()-13-COUNTBLANK($G$14:G77)) -> JD_54 | C77: Kiểm tra truyền latestSyncedOnly = false | D77: Authorization: Bearer <validHrAccessToken> Method: GET URL: http://192.168.1.131:3002/api/job-descriptions Query params: latestSyncedOnly=false Request body: N/A | E77: curl -X GET "http://192.168.1.131:3002/api/job-descriptions?latestSyncedOnly=false" ^ -H "Authorization: Bearer <validHrAccessToken>" | F77: 1. Chuẩn bị accessToken theo Data test. 2. Gửi request GET /api/job-descriptions với header và query parameter như Data test. 3. Kiểm tra status code và response body. | G77: 1. Kết quả trả về: - Status code: 200 OK - API thực thi thành công và trả về response như format chung - MM: data trả về theo điều kiện latestSyncedOnly = false | H77: HIGH | I77: MAJOR | N77: =IF(OR(IF(M77="",IF(L77="",IF(K77="","",K77),L77),M77)="F")=TRUE,"F",IF(OR(IF(M77="",IF(L77="",IF(K77="","",K77),L77),M77)="PE")=TRUE,"PE",IF(AND(IF(M77="",IF(L77="",IF(K77="","",K77),L77),M77)="")=TRUE,"","P")))
A78: =IF(AND(G78="",G78=""),"",$D$3&"_"&ROW()-13-COUNTBLANK($G$14:G78)) -> JD_55 | C78: Kiểm tra truyền latestSyncedOnly = 0 | D78: Authorization: Bearer <validHrAccessToken> Method: GET URL: http://192.168.1.131:3002/api/job-descriptions Query params: latestSyncedOnly=0 Request body: N/A | E78: curl -X GET "http://192.168.1.131:3002/api/job-descriptions?latestSyncedOnly=0" ^ -H "Authorization: Bearer <validHrAccessToken>" | F78: 1. Chuẩn bị accessToken theo Data test. 2. Gửi request GET /api/job-descriptions với header và query parameter như Data test. 3. Kiểm tra status code và response body. | G78: 1. Kết quả trả về: - Status code: 400 Bad Request - Message: Request payload is invalid | H78: MEDIUM | I78: MAJOR | N78: =IF(OR(IF(M78="",IF(L78="",IF(K78="","",K78),L78),M78)="F")=TRUE,"F",IF(OR(IF(M78="",IF(L78="",IF(K78="","",K78),L78),M78)="PE")=TRUE,"PE",IF(AND(IF(M78="",IF(L78="",IF(K78="","",K78),L78),M78)="")=TRUE,"","P")))
A79: =IF(AND(G79="",G79=""),"",$D$3&"_"&ROW()-13-COUNTBLANK($G$14:G79)) -> JD_56 | C79: Kiểm tra truyền latestSyncedOnly = 1 | D79: Authorization: Bearer <validHrAccessToken> Method: GET URL: http://192.168.1.131:3002/api/job-descriptions Query params: latestSyncedOnly=1 Request body: N/A | E79: curl -X GET "http://192.168.1.131:3002/api/job-descriptions?latestSyncedOnly=1" ^ -H "Authorization: Bearer <validHrAccessToken>" | F79: 1. Chuẩn bị accessToken theo Data test. 2. Gửi request GET /api/job-descriptions với header và query parameter như Data test. 3. Kiểm tra status code và response body. | G79: 1. Kết quả trả về: - Status code: 400 Bad Request - Message: Request payload is invalid | H79: MEDIUM | I79: MAJOR | N79: =IF(OR(IF(M79="",IF(L79="",IF(K79="","",K79),L79),M79)="F")=TRUE,"F",IF(OR(IF(M79="",IF(L79="",IF(K79="","",K79),L79),M79)="PE")=TRUE,"PE",IF(AND(IF(M79="",IF(L79="",IF(K79="","",K79),L79),M79)="")=TRUE,"","P")))
A80: =IF(AND(G80="",G80=""),"",$D$3&"_"&ROW()-13-COUNTBLANK($G$14:G80)) -> JD_57 | C80: Kiểm tra truyền latestSyncedOnly = chữ | D80: Authorization: Bearer <validHrAccessToken> Method: GET URL: http://192.168.1.131:3002/api/job-descriptions Query params: latestSyncedOnly=abc Request body: N/A | E80: curl -X GET "http://192.168.1.131:3002/api/job-descriptions?latestSyncedOnly=abc" ^ -H "Authorization: Bearer <validHrAccessToken>" | F80: 1. Chuẩn bị accessToken theo Data test. 2. Gửi request GET /api/job-descriptions với header và query parameter như Data test. 3. Kiểm tra status code và response body. | G80: 1. Kết quả trả về: - Status code: 400 Bad Request - Message: Request payload is invalid | H80: MEDIUM | I80: MAJOR | N80: =IF(OR(IF(M80="",IF(L80="",IF(K80="","",K80),L80),M80)="F")=TRUE,"F",IF(OR(IF(M80="",IF(L80="",IF(K80="","",K80),L80),M80)="PE")=TRUE,"PE",IF(AND(IF(M80="",IF(L80="",IF(K80="","",K80),L80),M80)="")=TRUE,"","P")))
A81: =IF(AND(G81="",G81=""),"",$D$3&"_"&ROW()-13-COUNTBLANK($G$14:G81)) -> JD_58 | C81: Kiểm tra truyền latestSyncedOnly = ký tự đặc biệt | D81: Authorization: Bearer <validHrAccessToken> Method: GET URL: http://192.168.1.131:3002/api/job-descriptions Query params: latestSyncedOnly=@#$ Request body: N/A | E81: curl -X GET "http://192.168.1.131:3002/api/job-descriptions?latestSyncedOnly=%40%23%24" ^ -H "Authorization: Bearer <validHrAccessToken>" | F81: 1. Chuẩn bị accessToken theo Data test. 2. Gửi request GET /api/job-descriptions với header và query parameter như Data test. 3. Kiểm tra status code và response body. | G81: 1. Kết quả trả về: - Status code: 400 Bad Request - Message: Request payload is invalid | H81: MEDIUM | I81: MAJOR | N81: =IF(OR(IF(M81="",IF(L81="",IF(K81="","",K81),L81),M81)="F")=TRUE,"F",IF(OR(IF(M81="",IF(L81="",IF(K81="","",K81),L81),M81)="PE")=TRUE,"PE",IF(AND(IF(M81="",IF(L81="",IF(K81="","",K81),L81),M81)="")=TRUE,"","P")))
A82: =IF(AND(G82="",G82=""),"",$D$3&"_"&ROW()-13-COUNTBLANK($G$14:G82)) -> JD_59 | C82: Kiểm tra truyền latestSyncedOnly = khác kiểu dữ liệu Boolean | D82: Authorization: Bearer <validHrAccessToken> Method: GET URL: http://192.168.1.131:3002/api/job-descriptions Query params: latestSyncedOnly[]=true Request body: N/A | E82: curl -X GET "http://192.168.1.131:3002/api/job-descriptions?latestSyncedOnly%5B%5D=true" ^ -H "Authorization: Bearer <validHrAccessToken>" | F82: 1. Chuẩn bị accessToken theo Data test. 2. Gửi request GET /api/job-descriptions với header và query parameter như Data test. 3. Kiểm tra status code và response body. | G82: 1. Kết quả trả về: - Status code: 400 Bad Request - Message: Request payload is invalid | H82: MEDIUM | I82: MAJOR | N82: =IF(OR(IF(M82="",IF(L82="",IF(K82="","",K82),L82),M82)="F")=TRUE,"F",IF(OR(IF(M82="",IF(L82="",IF(K82="","",K82),L82),M82)="PE")=TRUE,"PE",IF(AND(IF(M82="",IF(L82="",IF(K82="","",K82),L82),M82)="")=TRUE,"","P")))
A83: =IF(AND(G83="",G83=""),"",$D$3&"_"&ROW()-13-COUNTBLANK($G$14:G83)) | B83: Kiểm tra trường sortBy
A84: =IF(AND(G84="",G84=""),"",$D$3&"_"&ROW()-13-COUNTBLANK($G$14:G84)) -> JD_60 | B84: Kiểm tra trường sortBy | C84: Kiểm tra không truyền sortBy | D84: Authorization: Bearer <validHrAccessToken> Method: GET URL: http://192.168.1.131:3002/api/job-descriptions Query params: N/A Request body: N/A | E84: curl -X GET "http://192.168.1.131:3002/api/job-descriptions" ^ -H "Authorization: Bearer <validHrAccessToken>" | F84: 1. Chuẩn bị accessToken theo Data test. 2. Gửi request GET /api/job-descriptions với header và query parameter như Data test. 3. Kiểm tra status code và response body. | G84: 1. Kết quả trả về: - Status code: 200 OK - API thực thi thành công và trả về response như format chung | H84: HIGH | I84: MAJOR | N84: =IF(OR(IF(M84="",IF(L84="",IF(K84="","",K84),L84),M84)="F")=TRUE,"F",IF(OR(IF(M84="",IF(L84="",IF(K84="","",K84),L84),M84)="PE")=TRUE,"PE",IF(AND(IF(M84="",IF(L84="",IF(K84="","",K84),L84),M84)="")=TRUE,"","P")))
A85: =IF(AND(G85="",G85=""),"",$D$3&"_"&ROW()-13-COUNTBLANK($G$14:G85)) -> JD_61 | C85: Kiểm tra truyền sortBy = null/rỗng | D85: Authorization: Bearer <validHrAccessToken> Method: GET URL: http://192.168.1.131:3002/api/job-descriptions Query params: sortBy= Request body: N/A | E85: curl -X GET "http://192.168.1.131:3002/api/job-descriptions?sortBy=" ^ -H "Authorization: Bearer <validHrAccessToken>" | F85: 1. Chuẩn bị accessToken theo Data test. 2. Gửi request GET /api/job-descriptions với header và query parameter như Data test. 3. Kiểm tra status code và response body. | G85: 1. Kết quả trả về: - Status code: 200 OK - API thực thi thành công và trả về response như format chung | H85: HIGH | I85: MAJOR | N85: =IF(OR(IF(M85="",IF(L85="",IF(K85="","",K85),L85),M85)="F")=TRUE,"F",IF(OR(IF(M85="",IF(L85="",IF(K85="","",K85),L85),M85)="PE")=TRUE,"PE",IF(AND(IF(M85="",IF(L85="",IF(K85="","",K85),L85),M85)="")=TRUE,"","P")))
A86: =IF(AND(G86="",G86=""),"",$D$3&"_"&ROW()-13-COUNTBLANK($G$14:G86)) -> JD_62 | C86: Kiểm tra truyền sortBy = chuỗi space | D86: Authorization: Bearer <validHrAccessToken> Method: GET URL: http://192.168.1.131:3002/api/job-descriptions Query params: sortBy= Request body: N/A | E86: curl -X GET "http://192.168.1.131:3002/api/job-descriptions?sortBy=%20" ^ -H "Authorization: Bearer <validHrAccessToken>" | F86: 1. Chuẩn bị accessToken theo Data test. 2. Gửi request GET /api/job-descriptions với header và query parameter như Data test. 3. Kiểm tra status code và response body. | G86: 1. Kết quả trả về: - Status code: 400 Bad Request - Message: Request payload is invalid | H86: MEDIUM | I86: MAJOR | N86: =IF(OR(IF(M86="",IF(L86="",IF(K86="","",K86),L86),M86)="F")=TRUE,"F",IF(OR(IF(M86="",IF(L86="",IF(K86="","",K86),L86),M86)="PE")=TRUE,"PE",IF(AND(IF(M86="",IF(L86="",IF(K86="","",K86),L86),M86)="")=TRUE,"","P")))
A87: =IF(AND(G87="",G87=""),"",$D$3&"_"&ROW()-13-COUNTBLANK($G$14:G87)) -> JD_63 | C87: Kiểm tra truyền sortBy = title | D87: Authorization: Bearer <validHrAccessToken> Method: GET URL: http://192.168.1.131:3002/api/job-descriptions Query params: sortBy=title Request body: N/A | E87: curl -X GET "http://192.168.1.131:3002/api/job-descriptions?sortBy=title" ^ -H "Authorization: Bearer <validHrAccessToken>" | F87: 1. Chuẩn bị accessToken theo Data test. 2. Gửi request GET /api/job-descriptions với header và query parameter như Data test. 3. Kiểm tra status code và response body. | G87: 1. Kết quả trả về: - Status code: 200 OK - API thực thi thành công và trả về response như format chung - MM: API chấp nhận trường sortBy = title | H87: HIGH | I87: MAJOR | N87: =IF(OR(IF(M87="",IF(L87="",IF(K87="","",K87),L87),M87)="F")=TRUE,"F",IF(OR(IF(M87="",IF(L87="",IF(K87="","",K87),L87),M87)="PE")=TRUE,"PE",IF(AND(IF(M87="",IF(L87="",IF(K87="","",K87),L87),M87)="")=TRUE,"","P")))
A88: =IF(AND(G88="",G88=""),"",$D$3&"_"&ROW()-13-COUNTBLANK($G$14:G88)) -> JD_64 | C88: Kiểm tra truyền sortBy = status | D88: Authorization: Bearer <validHrAccessToken> Method: GET URL: http://192.168.1.131:3002/api/job-descriptions Query params: sortBy=status Request body: N/A | E88: curl -X GET "http://192.168.1.131:3002/api/job-descriptions?sortBy=status" ^ -H "Authorization: Bearer <validHrAccessToken>" | F88: 1. Chuẩn bị accessToken theo Data test. 2. Gửi request GET /api/job-descriptions với header và query parameter như Data test. 3. Kiểm tra status code và response body. | G88: 1. Kết quả trả về: - Status code: 200 OK - API thực thi thành công và trả về response như format chung - MM: API chấp nhận trường sortBy = status | H88: HIGH | I88: MAJOR | N88: =IF(OR(IF(M88="",IF(L88="",IF(K88="","",K88),L88),M88)="F")=TRUE,"F",IF(OR(IF(M88="",IF(L88="",IF(K88="","",K88),L88),M88)="PE")=TRUE,"PE",IF(AND(IF(M88="",IF(L88="",IF(K88="","",K88),L88),M88)="")=TRUE,"","P")))
A89: =IF(AND(G89="",G89=""),"",$D$3&"_"&ROW()-13-COUNTBLANK($G$14:G89)) -> JD_65 | C89: Kiểm tra truyền sortBy = createdAt | D89: Authorization: Bearer <validHrAccessToken> Method: GET URL: http://192.168.1.131:3002/api/job-descriptions Query params: sortBy=createdAt Request body: N/A | E89: curl -X GET "http://192.168.1.131:3002/api/job-descriptions?sortBy=createdAt" ^ -H "Authorization: Bearer <validHrAccessToken>" | F89: 1. Chuẩn bị accessToken theo Data test. 2. Gửi request GET /api/job-descriptions với header và query parameter như Data test. 3. Kiểm tra status code và response body. | G89: 1. Kết quả trả về: - Status code: 200 OK - API thực thi thành công và trả về response như format chung - MM: API chấp nhận trường sortBy = createdAt | H89: HIGH | I89: MAJOR | N89: =IF(OR(IF(M89="",IF(L89="",IF(K89="","",K89),L89),M89)="F")=TRUE,"F",IF(OR(IF(M89="",IF(L89="",IF(K89="","",K89),L89),M89)="PE")=TRUE,"PE",IF(AND(IF(M89="",IF(L89="",IF(K89="","",K89),L89),M89)="")=TRUE,"","P")))
A90: =IF(AND(G90="",G90=""),"",$D$3&"_"&ROW()-13-COUNTBLANK($G$14:G90)) -> JD_66 | C90: Kiểm tra truyền sortBy = updatedAt | D90: Authorization: Bearer <validHrAccessToken> Method: GET URL: http://192.168.1.131:3002/api/job-descriptions Query params: sortBy=updatedAt Request body: N/A | E90: curl -X GET "http://192.168.1.131:3002/api/job-descriptions?sortBy=updatedAt" ^ -H "Authorization: Bearer <validHrAccessToken>" | F90: 1. Chuẩn bị accessToken theo Data test. 2. Gửi request GET /api/job-descriptions với header và query parameter như Data test. 3. Kiểm tra status code và response body. | G90: 1. Kết quả trả về: - Status code: 200 OK - API thực thi thành công và trả về response như format chung - MM: API chấp nhận trường sortBy = updatedAt | H90: HIGH | I90: MAJOR | N90: =IF(OR(IF(M90="",IF(L90="",IF(K90="","",K90),L90),M90)="F")=TRUE,"F",IF(OR(IF(M90="",IF(L90="",IF(K90="","",K90),L90),M90)="PE")=TRUE,"PE",IF(AND(IF(M90="",IF(L90="",IF(K90="","",K90),L90),M90)="")=TRUE,"","P")))
A91: =IF(AND(G91="",G91=""),"",$D$3&"_"&ROW()-13-COUNTBLANK($G$14:G91)) -> JD_67 | C91: Kiểm tra truyền sortBy = lastSyncedAt | D91: Authorization: Bearer <validHrAccessToken> Method: GET URL: http://192.168.1.131:3002/api/job-descriptions Query params: sortBy=lastSyncedAt Request body: N/A | E91: curl -X GET "http://192.168.1.131:3002/api/job-descriptions?sortBy=lastSyncedAt" ^ -H "Authorization: Bearer <validHrAccessToken>" | F91: 1. Chuẩn bị accessToken theo Data test. 2. Gửi request GET /api/job-descriptions với header và query parameter như Data test. 3. Kiểm tra status code và response body. | G91: 1. Kết quả trả về: - Status code: 200 OK - API thực thi thành công và trả về response như format chung - MM: API chấp nhận trường sortBy = lastSyncedAt | H91: HIGH | I91: MAJOR | N91: =IF(OR(IF(M91="",IF(L91="",IF(K91="","",K91),L91),M91)="F")=TRUE,"F",IF(OR(IF(M91="",IF(L91="",IF(K91="","",K91),L91),M91)="PE")=TRUE,"PE",IF(AND(IF(M91="",IF(L91="",IF(K91="","",K91),L91),M91)="")=TRUE,"","P")))
A92: =IF(AND(G92="",G92=""),"",$D$3&"_"&ROW()-13-COUNTBLANK($G$14:G92)) -> JD_68 | C92: Kiểm tra truyền sortBy = cột không hỗ trợ sắp xếp | D92: Authorization: Bearer <validHrAccessToken> Method: GET URL: http://192.168.1.131:3002/api/job-descriptions Query params: sortBy=unsupportedColumn Request body: N/A | E92: curl -X GET "http://192.168.1.131:3002/api/job-descriptions?sortBy=unsupportedColumn" ^ -H "Authorization: Bearer <validHrAccessToken>" | F92: 1. Chuẩn bị accessToken theo Data test. 2. Gửi request GET /api/job-descriptions với header và query parameter như Data test. 3. Kiểm tra status code và response body. | G92: 1. Kết quả trả về: - Status code: 400 Bad Request - Message: Request payload is invalid | H92: MEDIUM | I92: MAJOR | N92: =IF(OR(IF(M92="",IF(L92="",IF(K92="","",K92),L92),M92)="F")=TRUE,"F",IF(OR(IF(M92="",IF(L92="",IF(K92="","",K92),L92),M92)="PE")=TRUE,"PE",IF(AND(IF(M92="",IF(L92="",IF(K92="","",K92),L92),M92)="")=TRUE,"","P")))
A93: =IF(AND(G93="",G93=""),"",$D$3&"_"&ROW()-13-COUNTBLANK($G$14:G93)) -> JD_69 | C93: Kiểm tra truyền sortBy khác kiểu dữ liệu String | D93: Authorization: Bearer <validHrAccessToken> Method: GET URL: http://192.168.1.131:3002/api/job-descriptions Query params: sortBy[]=title Request body: N/A | E93: curl -X GET "http://192.168.1.131:3002/api/job-descriptions?sortBy%5B%5D=title" ^ -H "Authorization: Bearer <validHrAccessToken>" | F93: 1. Chuẩn bị accessToken theo Data test. 2. Gửi request GET /api/job-descriptions với header và query parameter như Data test. 3. Kiểm tra status code và response body. | G93: 1. Kết quả trả về: - Status code: 400 Bad Request - Message: Request payload is invalid | H93: MEDIUM | I93: MAJOR | N93: =IF(OR(IF(M93="",IF(L93="",IF(K93="","",K93),L93),M93)="F")=TRUE,"F",IF(OR(IF(M93="",IF(L93="",IF(K93="","",K93),L93),M93)="PE")=TRUE,"PE",IF(AND(IF(M93="",IF(L93="",IF(K93="","",K93),L93),M93)="")=TRUE,"","P")))
A94: =IF(AND(G94="",G94=""),"",$D$3&"_"&ROW()-13-COUNTBLANK($G$14:G94)) | B94: Kiểm tra trường sortOrder
A95: =IF(AND(G95="",G95=""),"",$D$3&"_"&ROW()-13-COUNTBLANK($G$14:G95)) -> JD_70 | B95: Kiểm tra trường sortOrder | C95: Kiểm tra không truyền sortOrder | D95: Authorization: Bearer <validHrAccessToken> Method: GET URL: http://192.168.1.131:3002/api/job-descriptions Query params: N/A Request body: N/A | E95: curl -X GET "http://192.168.1.131:3002/api/job-descriptions" ^ -H "Authorization: Bearer <validHrAccessToken>" | F95: 1. Chuẩn bị accessToken theo Data test. 2. Gửi request GET /api/job-descriptions với header và query parameter như Data test. 3. Kiểm tra status code và response body. | G95: 1. Kết quả trả về: - Status code: 200 OK - API thực thi thành công và trả về response như format chung | H95: HIGH | I95: MAJOR | N95: =IF(OR(IF(M95="",IF(L95="",IF(K95="","",K95),L95),M95)="F")=TRUE,"F",IF(OR(IF(M95="",IF(L95="",IF(K95="","",K95),L95),M95)="PE")=TRUE,"PE",IF(AND(IF(M95="",IF(L95="",IF(K95="","",K95),L95),M95)="")=TRUE,"","P")))
A96: =IF(AND(G96="",G96=""),"",$D$3&"_"&ROW()-13-COUNTBLANK($G$14:G96)) -> JD_71 | C96: Kiểm tra truyền sortOrder = null/rỗng | D96: Authorization: Bearer <validHrAccessToken> Method: GET URL: http://192.168.1.131:3002/api/job-descriptions Query params: sortOrder= Request body: N/A | E96: curl -X GET "http://192.168.1.131:3002/api/job-descriptions?sortOrder=" ^ -H "Authorization: Bearer <validHrAccessToken>" | F96: 1. Chuẩn bị accessToken theo Data test. 2. Gửi request GET /api/job-descriptions với header và query parameter như Data test. 3. Kiểm tra status code và response body. | G96: 1. Kết quả trả về: - Status code: 200 OK - API thực thi thành công và trả về response như format chung | H96: HIGH | I96: MAJOR | N96: =IF(OR(IF(M96="",IF(L96="",IF(K96="","",K96),L96),M96)="F")=TRUE,"F",IF(OR(IF(M96="",IF(L96="",IF(K96="","",K96),L96),M96)="PE")=TRUE,"PE",IF(AND(IF(M96="",IF(L96="",IF(K96="","",K96),L96),M96)="")=TRUE,"","P")))
A97: =IF(AND(G97="",G97=""),"",$D$3&"_"&ROW()-13-COUNTBLANK($G$14:G97)) -> JD_72 | C97: Kiểm tra truyền sortOrder = chuỗi space | D97: Authorization: Bearer <validHrAccessToken> Method: GET URL: http://192.168.1.131:3002/api/job-descriptions Query params: sortOrder= Request body: N/A | E97: curl -X GET "http://192.168.1.131:3002/api/job-descriptions?sortOrder=%20" ^ -H "Authorization: Bearer <validHrAccessToken>" | F97: 1. Chuẩn bị accessToken theo Data test. 2. Gửi request GET /api/job-descriptions với header và query parameter như Data test. 3. Kiểm tra status code và response body. | G97: 1. Kết quả trả về: - Status code: 400 Bad Request - Message: Request payload is invalid | H97: MEDIUM | I97: MAJOR | N97: =IF(OR(IF(M97="",IF(L97="",IF(K97="","",K97),L97),M97)="F")=TRUE,"F",IF(OR(IF(M97="",IF(L97="",IF(K97="","",K97),L97),M97)="PE")=TRUE,"PE",IF(AND(IF(M97="",IF(L97="",IF(K97="","",K97),L97),M97)="")=TRUE,"","P")))
A98: =IF(AND(G98="",G98=""),"",$D$3&"_"&ROW()-13-COUNTBLANK($G$14:G98)) -> JD_73 | C98: Kiểm tra truyền sortOrder = ASC | D98: Authorization: Bearer <validHrAccessToken> Method: GET URL: http://192.168.1.131:3002/api/job-descriptions Query params: sortBy=createdAt sortOrder=ASC Request body: N/A | E98: curl -X GET "http://192.168.1.131:3002/api/job-descriptions?sortBy=createdAt&sortOrder=ASC" ^ -H "Authorization: Bearer <validHrAccessToken>" | F98: 1. Chuẩn bị accessToken theo Data test. 2. Gửi request GET /api/job-descriptions với header và query parameter như Data test. 3. Kiểm tra status code và response body. | G98: 1. Kết quả trả về: - Status code: 200 OK - API thực thi thành công và trả về response như format chung - MM: data được sắp xếp tăng dần theo trường sortBy truyền vào | H98: HIGH | I98: MAJOR | N98: =IF(OR(IF(M98="",IF(L98="",IF(K98="","",K98),L98),M98)="F")=TRUE,"F",IF(OR(IF(M98="",IF(L98="",IF(K98="","",K98),L98),M98)="PE")=TRUE,"PE",IF(AND(IF(M98="",IF(L98="",IF(K98="","",K98),L98),M98)="")=TRUE,"","P"))) | P98: Theo ghi chú vàng trong Test Design: tách ASC thành case độc lập và assert thứ tự sắp xếp.
A99: =IF(AND(G99="",G99=""),"",$D$3&"_"&ROW()-13-COUNTBLANK($G$14:G99)) -> JD_74 | C99: Kiểm tra truyền sortOrder = DESC | D99: Authorization: Bearer <validHrAccessToken> Method: GET URL: http://192.168.1.131:3002/api/job-descriptions Query params: sortBy=createdAt sortOrder=DESC Request body: N/A | E99: curl -X GET "http://192.168.1.131:3002/api/job-descriptions?sortBy=createdAt&sortOrder=DESC" ^ -H "Authorization: Bearer <validHrAccessToken>" | F99: 1. Chuẩn bị accessToken theo Data test. 2. Gửi request GET /api/job-descriptions với header và query parameter như Data test. 3. Kiểm tra status code và response body. | G99: 1. Kết quả trả về: - Status code: 200 OK - API thực thi thành công và trả về response như format chung - MM: data được sắp xếp giảm dần theo trường sortBy truyền vào | H99: HIGH | I99: MAJOR | N99: =IF(OR(IF(M99="",IF(L99="",IF(K99="","",K99),L99),M99)="F")=TRUE,"F",IF(OR(IF(M99="",IF(L99="",IF(K99="","",K99),L99),M99)="PE")=TRUE,"PE",IF(AND(IF(M99="",IF(L99="",IF(K99="","",K99),L99),M99)="")=TRUE,"","P"))) | P99: Theo ghi chú vàng trong Test Design: tách DESC thành case độc lập và assert thứ tự sắp xếp.
A100: =IF(AND(G100="",G100=""),"",$D$3&"_"&ROW()-13-COUNTBLANK($G$14:G100)) -> JD_75 | C100: Kiểm tra sortOrder khác ASC hoặc DESC | D100: Authorization: Bearer <validHrAccessToken> Method: GET URL: http://192.168.1.131:3002/api/job-descriptions Query params: sortOrder=RANDOM Request body: N/A | E100: curl -X GET "http://192.168.1.131:3002/api/job-descriptions?sortOrder=RANDOM" ^ -H "Authorization: Bearer <validHrAccessToken>" | F100: 1. Chuẩn bị accessToken theo Data test. 2. Gửi request GET /api/job-descriptions với header và query parameter như Data test. 3. Kiểm tra status code và response body. | G100: 1. Kết quả trả về: - Status code: 400 Bad Request - Message: Request payload is invalid | H100: MEDIUM | I100: MAJOR | N100: =IF(OR(IF(M100="",IF(L100="",IF(K100="","",K100),L100),M100)="F")=TRUE,"F",IF(OR(IF(M100="",IF(L100="",IF(K100="","",K100),L100),M100)="PE")=TRUE,"PE",IF(AND(IF(M100="",IF(L100="",IF(K100="","",K100),L100),M100)="")=TRUE,"","P")))
A101: =IF(AND(G101="",G101=""),"",$D$3&"_"&ROW()-13-COUNTBLANK($G$14:G101)) -> JD_76 | C101: Kiểm tra truyền sortOrder khác kiểu dữ liệu String | D101: Authorization: Bearer <validHrAccessToken> Method: GET URL: http://192.168.1.131:3002/api/job-descriptions Query params: sortOrder[]=ASC Request body: N/A | E101: curl -X GET "http://192.168.1.131:3002/api/job-descriptions?sortOrder%5B%5D=ASC" ^ -H "Authorization: Bearer <validHrAccessToken>" | F101: 1. Chuẩn bị accessToken theo Data test. 2. Gửi request GET /api/job-descriptions với header và query parameter như Data test. 3. Kiểm tra status code và response body. | G101: 1. Kết quả trả về: - Status code: 400 Bad Request - Message: Request payload is invalid | H101: MEDIUM | I101: MAJOR | N101: =IF(OR(IF(M101="",IF(L101="",IF(K101="","",K101),L101),M101)="F")=TRUE,"F",IF(OR(IF(M101="",IF(L101="",IF(K101="","",K101),L101),M101)="PE")=TRUE,"PE",IF(AND(IF(M101="",IF(L101="",IF(K101="","",K101),L101),M101)="")=TRUE,"","P")))
...
